accession,Thr132_cycl,Ser133_pocket,Cys164_triad,Thr194_pocket,Thr197_pocket,Phe215_gatekeeper1,Gly256_pocket,His257_MLflag,Phe265_gatekeeper2,His303_triad,Asn336_triad,Ser338_pocket,Pro375_cycl
A0A010QIZ4,C,T,C,S,M,F,F,D,L,H,N,S,P
A0A059J6Q8,C,T,C,C,N,F,S,Y,L,H,N,S,P
A0A072PJP8,C,T,C,S,L,F,F,D,L,H,N,S,P
A0A074VBS1,C,T,C,S,N,F,F,T,L,H,N,S,P
A0A074W932,C,T,C,S,N,F,F,F,L,H,N,S,P
A0A084AQX0,C,T,C,S,M,F,F,D,L,H,N,S,P
A0A084AVI2,C,T,C,C,L,F,F,D,L,H,N,S,P
A0A084B516,C,T,C,V,L,F,F,D,-,-,-,-,-
A0A084FUT4,C,T,C,S,M,F,F,D,L,H,N,S,P
A0A084QT50,C,T,C,-,-,-,-,-,-,-,-,-,-
A0A084R260,C,T,C,V,L,F,-,-,Y,H,N,S,P
A0A0B1PAA6,C,T,C,C,M,F,F,D,L,H,N,S,P
A0A0C2F5M0,C,T,C,S,M,F,F,D,L,H,N,S,P
A0A0C3D9L2,G,G,C,N,Y,F,A,V,I,H,N,G,P
A0A0C4E6R1,C,T,C,S,F,F,F,D,L,H,N,S,P
A0A0D1WL63,C,T,C,S,F,F,F,D,L,H,N,S,P
A0A0D2BWQ8,C,T,C,S,L,F,F,D,L,H,N,S,P
A0A0D2C9T2,C,T,C,S,L,F,F,D,L,H,N,S,P
A0A0D2CEC4,C,T,C,S,L,F,F,D,L,H,N,S,P
A0A0D2D1A3,C,T,C,S,L,F,F,D,L,H,N,S,P
A0A0D2G0G6,C,T,C,S,L,F,F,D,L,H,N,S,P
A0A0D2GWU2,C,T,C,S,L,F,F,D,L,H,N,S,P
A0A0F4ZKS6,C,T,C,S,L,F,F,D,L,H,N,S,P
A0A0F7TBQ5,C,T,C,V,F,F,F,N,I,H,N,S,P
A0A0F7ZVP0,S,T,C,-,-,F,L,G,L,H,N,L,P
A0A0F7ZWY9,S,T,C,-,-,F,L,G,L,H,N,L,P
A0A0G4NUG8,C,T,C,C,N,F,F,Y,L,H,N,S,P
A0A0L1J3G7,C,T,C,Q,Y,F,-,N,I,H,N,S,A
A0A0L1J6S3,C,T,C,P,F,F,L,N,I,D,S,I,P
A0A0L1JI55,C,T,C,C,F,F,F,N,I,H,N,S,P
A0A0N0DHY2,C,T,C,S,L,F,F,D,L,H,N,S,P
A0A0N1HGD1,C,T,C,S,L,F,F,D,L,H,N,S,P
A0A0P7BB74,C,T,C,S,M,F,F,D,L,H,N,S,P
A0A0U5G292,A,T,C,C,N,F,F,S,L,H,N,S,P
A0A101MP05,C,T,C,C,N,F,F,Y,L,H,N,S,P
A0A136IT12,C,T,C,N,L,F,F,D,L,H,N,S,P
A0A136JJJ2,C,T,C,S,L,F,F,Q,L,H,N,S,P
A0A139HN42,C,T,C,C,N,F,F,Y,L,H,N,S,P
A0A145YFN8,C,T,C,V,L,Y,F,D,L,H,N,S,P
A0A145YFY3,C,T,C,S,L,F,F,D,L,H,N,S,P
A0A162JF80,C,T,C,S,M,F,F,D,L,H,N,S,P
A0A163JPU8,C,T,C,C,F,F,Y,V,I,H,N,S,P
A0A165HS99,V,C,C,P,Y,F,V,N,L,H,N,A,P
A0A166VFK6,C,T,C,S,M,F,F,D,L,H,N,S,P
A0A167LZZ0,V,C,C,A,Y,F,V,N,L,H,N,A,P
A0A168CIL4,-,-,C,S,L,F,F,N,L,H,N,S,P
A0A175VUX0,C,T,C,S,L,F,F,D,L,H,-,-,P
A0A177CLZ2,C,T,C,C,F,F,Y,N,I,H,N,S,P
A0A177DPN1,C,T,C,-,-,F,Y,V,I,H,N,S,P
A0A178FQT0,C,T,C,C,N,F,C,Y,L,H,N,S,P
A0A194VDY8,C,T,C,S,M,F,F,D,L,H,N,S,P
A0A194WWD4,C,T,C,S,L,F,F,D,L,H,N,S,P
A0A1B8ASZ0,C,T,C,S,L,F,F,D,L,H,N,S,P
A0A1B8GPR4,C,T,C,C,L,F,F,N,L,H,N,S,P
A0A1E1K3U6,C,T,C,S,L,F,F,D,L,H,N,S,P
A0A1F5L6P8,C,T,C,C,N,F,F,Y,L,H,N,S,P
A0A1F7ZN65,C,T,C,P,F,F,L,N,I,D,S,I,P
A0A1F7ZP32,C,T,C,C,F,F,F,N,I,H,N,S,P
A0A1F7ZX70,C,T,C,Q,Y,F,-,N,I,H,N,S,A
A0A1F8AG56,C,T,C,C,N,F,F,F,L,H,N,S,P
A0A1J7I4S7,G,T,C,T,N,F,C,L,M,H,N,A,P
A0A1J7IAV3,C,T,C,S,M,F,F,D,L,H,N,S,P
A0A1L7WHI9,C,T,C,S,L,F,F,D,L,H,N,S,P
A0A1L9UN15,A,T,C,C,Q,F,V,Y,F,H,N,S,T
A0A1L9WIG9,V,T,C,-,-,F,Y,R,L,H,N,S,P
A0A1Q5U757,C,T,C,C,N,F,F,Y,L,H,N,S,P
A0A1Q5UH31,C,T,C,P,F,F,Y,N,I,H,N,S,P
A0A1Q8S3L2,C,T,C,S,L,F,F,D,L,H,N,S,P
A0A1V6Q379,C,T,C,C,N,F,F,Y,L,H,N,S,S
A0A1V6SK38,C,T,C,C,N,F,F,Y,L,H,N,S,P
A0A1V8TBN8,C,T,C,S,L,F,C,Y,L,H,N,S,P
A0A1W2TFI8,C,T,C,S,L,F,F,D,L,H,N,S,P
A0A1W2TQJ5,A,T,C,S,N,F,V,T,L,H,N,A,P
A0A1W5D8W5,C,T,C,S,L,F,F,D,L,H,N,S,P
A0A1Y1ZIB6,C,S,C,C,F,F,M,L,L,H,N,S,P
A0A1Y2DQG3,C,T,C,S,M,F,F,D,L,H,N,S,P
A0A1Y2LMQ8,C,T,C,C,F,F,Y,S,I,H,N,S,P
A0A218ZF58,C,T,C,S,L,F,F,D,L,H,N,S,P
A0A2A9P6W4,C,T,C,T,L,F,F,D,L,H,N,S,P
A0A2B7WIN8,C,T,C,N,M,F,F,N,L,H,N,S,P
A0A2B7Y2N2,A,T,C,T,N,F,C,L,M,H,N,S,P
A0A2C5WIX6,C,T,C,S,L,F,F,D,L,H,N,S,P
A0A2C5ZCI2,C,T,C,T,L,F,F,D,L,H,N,S,P
A0A2D3V4H2,C,T,C,C,G,F,F,Y,L,H,N,S,P
A0A2G7ELQ8,S,T,C,P,F,F,L,S,C,-,-,-,-
A0A2G7FEY6,C,T,C,M,Y,F,-,C,I,H,N,S,A
A0A2G7GAE9,C,T,C,C,F,F,F,N,I,H,N,S,P
A0A2I2GDC6,A,T,C,C,Q,F,Y,R,L,H,N,S,P
A0A2J6PXT4,C,T,C,S,L,F,F,D,L,H,N,S,P
A0A2J6RAQ7,C,T,C,S,L,F,F,D,L,H,N,S,P
A0A2J6TDB9,T,T,C,C,N,F,W,D,L,H,N,S,P
A0A2J6TQX3,C,T,C,S,L,F,F,D,L,H,N,S,P
A0A2K0UIX7,C,T,C,S,M,F,F,D,L,H,N,S,P
A0A2K1R1B1,C,T,C,C,L,F,F,F,L,H,N,S,P
A0A2N3MY08,C,T,C,S,M,F,F,D,L,H,N,S,P
A0A2P5HE53,S,G,C,N,Y,F,A,M,I,H,N,G,P
A0A2P5I7D7,C,T,C,S,M,F,F,D,L,H,N,S,P
A0A2R6NM78,C,T,C,A,M,F,F,D,L,H,N,S,P
A0A2R6NMC4,C,T,C,T,M,F,F,D,L,H,N,S,P
A0A2S4PKR4,C,T,C,C,M,F,F,D,L,H,N,S,P
A0A2T2NYA2,C,T,C,C,F,F,F,A,L,H,N,S,P
A0A2T3AM58,C,T,C,S,F,F,F,D,L,H,N,S,P
A0A2T3B5Z1,C,T,C,S,L,F,F,D,L,H,N,S,P
A0A2T4GKI4,C,T,C,S,L,F,F,D,L,H,N,S,P
A0A2U9QI99,C,T,C,C,N,F,F,M,L,H,N,S,P
A0A2V5HK67,V,T,C,C,H,F,Y,R,L,H,N,S,P
A0A2V5I787,V,T,C,C,H,F,Y,H,L,H,N,S,P
A0A2W1FIY5,C,T,C,C,F,F,Y,D,I,H,N,S,P
A0A317USQ3,A,T,C,C,Q,F,V,K,F,H,N,S,T
A0A319BDQ7,A,T,C,C,Q,F,V,K,F,H,N,S,T
A0A319C6Z2,V,T,C,C,H,F,Y,R,L,H,N,S,P
A0A366SC95,C,T,C,S,M,F,F,D,L,H,N,S,P
A0A370P725,V,T,C,C,H,F,Y,T,I,H,N,S,P
A0A370TNA4,C,T,C,S,L,F,F,D,L,H,N,S,P
A0A384K0M6,C,T,C,S,L,F,F,D,L,H,N,S,P
A0A395HWD7,V,T,C,C,F,F,Y,G,L,H,N,S,P
A0A395RMN0,G,T,C,T,N,F,C,L,V,-,T,A,P
A0A395SZF4,C,T,C,S,L,F,F,D,L,H,N,S,P
A0A3D8RMV4,C,T,C,S,M,F,F,D,L,H,N,S,P
A0A3E2H9W8,C,T,C,C,L,F,F,D,L,H,N,S,P
A0A3M2RTF6,C,T,C,S,M,F,F,D,L,H,N,S,P
A0A3M9Y6T3,C,T,C,S,M,F,F,D,L,H,N,S,P
A0A3N2Q6W8,C,T,C,C,L,F,F,D,L,H,N,S,P
A0A3N4IBC5,V,T,C,C,T,F,W,D,L,H,N,S,P
A0A420HA84,C,T,C,C,M,F,F,D,L,H,N,S,P
A0A420IPA2,C,T,C,C,L,F,F,D,L,H,N,S,P
A0A423WJ97,C,T,C,S,M,F,F,D,L,H,N,S,P
A0A423WY23,C,T,C,S,M,F,F,D,L,H,N,S,P
A0A423XC84,C,T,C,S,M,F,F,D,L,H,N,S,P
A0A428TV54,C,T,C,S,M,-,F,D,L,H,N,S,P
A0A437A2Z4,C,T,C,C,L,F,F,D,L,-,-,-,-
A0A439D4A0,C,T,C,-,-,-,F,D,L,H,N,S,P
A0A439DKJ4,A,T,C,S,N,F,V,T,L,H,N,A,P
A0A4Q4TJU1,C,T,C,S,L,F,F,D,L,H,N,S,P
A0A4R8QT34,C,T,C,S,L,F,F,D,L,H,N,S,P
A0A4S3J2Q2,C,S,C,-,-,-,-,-,I,H,N,G,P
A0A4S3JIC4,S,T,C,-,-,F,L,G,L,H,N,L,P
A0A4S8R6B1,C,T,C,S,L,F,F,D,L,H,N,S,P
A0A4U6XPJ8,C,T,C,C,N,F,F,Y,L,H,N,S,P
A0A4U6XPR0,C,T,C,S,L,F,F,D,L,H,N,S,P
A0A4V3UMX3,C,T,C,H,L,F,L,N,V,H,N,S,P
A0A4Y8D9M4,C,T,C,S,L,F,F,D,L,H,N,S,P
A0A4Z0YH81,A,T,C,S,N,F,V,T,L,H,N,A,P
A0A4Z0YMS4,C,T,C,S,L,F,F,D,L,H,N,S,P
A0A4Z1HBG3,C,T,C,S,L,F,F,D,L,H,N,S,P
A0A4Z1IYL3,C,T,C,S,L,F,F,D,L,H,N,S,P
A0A4Z1KSR7,C,T,C,S,L,F,F,D,L,H,N,S,P
A0A507AXH1,C,T,C,S,M,F,F,D,L,H,N,S,P
A0A507AYB9,C,T,C,N,L,F,F,N,L,H,N,S,P
A0A553HLF1,A,T,C,S,N,F,V,T,L,H,N,A,P
A0A553I235,C,T,C,S,L,F,F,D,L,H,N,S,P
A0A559M4F6,C,T,C,S,L,F,F,D,V,H,N,S,P
A0A5M9JCJ9,C,T,C,S,L,F,F,D,L,H,N,S,P
A0A5N5WIJ4,C,T,C,M,H,F,-,C,I,H,N,S,A
A0A5N5WR41,A,T,C,C,H,F,Y,K,L,H,N,S,P
A0A5N5X4W7,C,T,C,C,N,F,F,Y,L,H,N,S,P
A0A5N6EYA5,A,T,C,C,Q,F,Y,Q,L,H,N,S,P
A0A5N6EYH2,S,T,C,P,F,F,L,S,I,D,S,I,P
A0A5N6IP24,C,T,C,C,F,F,F,N,I,H,N,S,P
A0A5N6JXT8,C,T,C,S,L,F,F,D,L,H,N,S,P
A0A5N6SV38,A,T,C,C,Q,F,Y,K,L,H,N,S,P
A0A5N6T220,C,T,C,C,F,F,F,N,I,H,N,S,P
A0A5N6TB57,C,T,C,P,F,F,Y,K,I,H,N,V,H
A0A5N6USH5,C,T,C,C,F,F,F,N,I,H,N,S,P
A0A5N6V0I9,C,T,C,P,F,F,F,D,I,H,N,I,H
A0A5N6VAZ8,A,T,C,C,Q,F,Y,Q,L,H,N,S,P
A0A5N6VBQ0,A,T,C,C,Q,F,Y,R,L,H,N,S,P
A0A5N6W9V2,C,T,C,P,F,F,F,D,I,H,N,I,H
A0A5N6X0E9,A,T,-,C,Q,F,Y,T,L,H,N,S,P
A0A5N6ZPA6,C,T,C,P,F,F,L,N,I,D,S,I,P
A0A5N6ZX19,C,T,C,C,F,F,F,N,I,H,N,S,P
A0A5N7ANY5,A,T,C,C,Q,F,Y,R,L,H,N,S,P
A0A5N7B7K2,C,T,C,C,F,F,F,N,I,H,N,S,P
A0A5N7BAZ4,C,T,C,P,F,F,L,S,L,D,S,V,P
A0A5N7CXL2,C,T,C,P,F,F,F,K,I,H,N,V,H
A0A5N7D7Z4,A,T,C,C,Q,F,Y,Q,L,H,N,S,P
A0A6A5QT49,C,T,C,C,F,F,Y,T,M,H,N,S,P
A0A6A5S0B4,C,T,C,C,F,F,Y,S,I,H,N,S,P
A0A6A5YEE4,C,T,C,C,F,F,F,E,L,H,N,S,P
A0A6A5Z394,C,T,C,C,N,F,F,I,L,H,N,S,P
A0A6A6CEL4,C,T,C,C,F,F,F,H,L,H,N,S,-
A0A6A6GAU0,C,T,C,C,A,F,L,V,I,H,N,S,P
A0A6A6H916,A,T,C,C,Q,F,Y,Q,L,H,N,S,P
A0A6A6IBC2,C,T,C,C,F,F,Y,L,I,H,N,S,P
A0A6A6X0U9,C,T,C,C,H,F,F,F,L,H,N,S,P
A0A6A7A0P0,C,T,C,-,-,F,Y,D,M,H,N,S,P
A0A6A7B7G1,C,T,C,C,S,F,Y,A,I,H,N,S,P
A0A6P8ASY9,C,T,C,C,G,F,S,Y,L,H,N,S,P
A0A6P8BDL9,C,T,C,S,F,F,F,D,L,H,N,S,P
A0A7C8IFZ2,A,T,C,S,N,F,V,T,L,H,N,A,P
A0A7C8IWR1,C,T,C,S,L,F,F,D,L,H,N,S,P
A0A7H8R5X6,A,T,C,C,H,F,Y,N,L,H,N,S,P
A0A7U2ESB4,C,T,C,C,N,F,F,C,L,H,N,S,P
A0A7U2FK72,C,T,C,C,F,F,Y,D,I,H,N,S,P
A0A7U2R353,C,T,C,M,Y,F,-,C,I,H,N,S,A
A0A889ZF18,C,T,C,T,L,F,F,N,I,H,N,S,P
A0A8A3PMK3,C,T,C,S,L,F,F,D,L,H,N,S,P
A0A8G1RYW8,V,T,C,C,H,F,Y,R,L,H,N,S,P
A0A8H3ETM5,C,T,C,S,M,F,F,D,L,H,N,S,P
A0A8H3EVP5,C,T,C,S,L,F,F,D,L,H,N,S,P
A0A8H3F2X0,C,T,C,S,M,F,F,D,L,H,N,S,P
A0A8H3INC4,C,T,C,S,F,F,F,D,L,H,N,S,P
A0A8H3J2S8,C,T,C,C,F,F,F,V,L,H,N,S,P
A0A8H3TS81,C,T,C,T,L,F,F,N,I,H,N,S,P
A0A8H3WB87,C,T,C,S,L,F,F,D,L,H,N,S,P
A0A8H4LED7,C,T,C,S,L,F,F,D,L,H,N,S,P
A0A8H4NL21,C,T,C,S,M,F,F,D,L,H,N,S,P
A0A8H4P7M9,C,T,C,S,M,F,F,D,L,H,N,S,P
A0A8H4QCM8,C,T,C,T,L,F,F,D,L,H,N,S,P
A0A8H4RNA6,C,T,C,S,L,F,F,D,L,H,N,S,P
A0A8H4UM27,C,T,C,S,M,F,F,D,L,H,N,S,P
A0A8H4X7Q3,C,T,C,S,M,F,F,D,L,H,N,S,P
A0A8H5KJB0,G,T,C,T,N,F,C,L,M,H,N,A,P
A0A8H5MR42,G,T,C,T,N,F,C,L,M,H,N,A,P
A0A8H5NJY9,G,T,C,T,N,F,C,L,M,H,N,A,P
A0A8H5U7I5,G,T,C,T,N,F,C,L,V,-,T,A,P
A0A8H6FA44,C,T,C,C,N,F,F,M,L,H,N,S,P
A0A8H6FE65,C,T,C,S,M,F,F,D,L,H,N,S,P
A0A8H6IQ33,V,G,C,C,Y,F,A,M,I,H,N,G,P
A0A8H6K362,C,T,C,S,L,F,F,D,L,H,N,S,P
A0A8H6YAK7,C,T,C,A,M,F,I,D,L,H,N,S,P
A0A8H7A8E3,C,T,C,T,L,F,F,D,L,H,N,S,P
A0A8H7D0J3,C,T,C,T,M,F,I,D,L,H,N,S,P
A0A8H7D3J6,C,T,C,T,M,F,V,D,L,H,N,S,P
A0A8H7DBF6,C,T,C,T,M,F,I,D,L,H,N,S,P
A0A8H7JCU5,C,T,C,C,F,F,Y,V,I,H,N,S,P
A0A8H7TDR2,C,T,C,S,L,F,F,D,L,H,N,S,P
A0A8H7WJU8,C,T,C,C,N,F,F,Y,L,H,N,S,P
A0A8H8RIC5,C,T,C,S,L,F,F,D,L,H,N,S,P
A0A8H8U224,C,T,C,S,L,F,F,D,L,H,N,S,P
A0A8K0L4T3,C,T,C,C,G,F,L,V,I,H,N,S,P
A0A8K0NPA6,C,T,C,T,L,F,F,N,I,H,N,S,P
A0A8K0QS34,C,T,C,C,F,F,Y,M,L,H,N,S,P
A0A8K0WPS2,C,T,C,V,L,F,F,D,L,H,N,S,P
A0A8K0WR77,C,T,C,S,M,F,F,D,L,H,N,S,P
A0A8K0X7W6,C,T,C,S,M,F,F,D,L,H,N,S,P
A0A8T9CL66,C,T,C,S,L,F,F,D,L,H,N,S,P
A0A9N8JDK6,C,T,C,C,N,F,F,H,L,H,N,S,P
A0A9N8KET3,C,T,C,T,G,F,S,Y,L,H,N,S,P
A0A9N8P5P6,-,-,C,-,-,F,F,R,L,H,N,S,-
A0A9N9LRE5,C,T,C,S,L,F,F,D,L,H,N,S,P
A0A9N9UQ30,C,T,C,C,L,F,F,D,L,H,N,S,P
A0A9N9V0Z9,C,T,C,S,L,F,F,N,L,H,N,S,P
A0A9N9YTI3,C,T,C,C,L,F,F,N,L,H,N,S,P
A0A9N9YWV8,C,T,C,C,L,F,F,D,L,H,N,S,P
A0A9P3L7D7,C,T,C,A,L,Y,F,D,L,H,N,S,P
A0A9P3L7Y5,C,T,C,S,L,F,F,D,L,H,N,S,P
A0A9P4GV80,C,T,C,C,F,F,Y,M,L,H,N,S,P
A0A9P4JIY5,C,T,C,C,S,F,F,Y,L,H,N,S,P
A0A9P4KAV5,C,T,C,C,Y,F,Y,L,L,H,N,S,P
A0A9P4UVY1,C,T,-,-,-,F,Y,L,L,H,N,S,L
A0A9P4WW23,C,T,C,C,F,F,Y,S,I,H,N,S,P
A0A9P4XUJ3,C,T,C,S,F,F,F,D,L,H,N,S,P
A0A9P5E2B7,C,T,C,S,M,F,F,D,L,H,N,S,P
A0A9P5LAY7,C,T,C,S,M,F,F,D,L,H,N,S,P
A0A9P6G8R7,C,T,C,C,F,F,Y,N,I,H,N,S,P
A0A9P6LK89,C,T,C,S,L,F,F,D,L,H,N,S,P
A0A9P6VPD5,C,T,C,-,-,-,F,D,L,H,N,S,P
A0A9P7H923,C,T,C,S,M,F,F,D,L,H,N,S,P
A0A9P7KUI2,C,T,C,C,L,F,F,D,L,H,N,S,P
A0A9P7YD03,C,T,C,S,L,F,F,D,L,H,N,S,P
A0A9P7Z1D1,C,T,C,S,L,F,F,D,L,H,N,S,P
A0A9P7Z8I8,C,T,C,-,-,F,F,L,L,H,-,-,P
A0A9P7ZGE5,C,T,C,S,L,F,F,D,L,H,N,S,P
A0A9P8UDJ0,C,T,C,S,L,F,F,D,L,H,N,S,P
A0A9P8YIF2,C,T,C,S,L,F,F,Q,L,H,N,S,P
A0A9P9A9I0,C,T,C,S,M,F,F,D,L,H,N,S,P
A0A9P9ATH1,C,T,C,S,M,F,F,D,L,H,N,S,P
A0A9P9BM44,C,T,C,N,L,F,F,D,L,H,N,S,P
A0A9P9DC98,S,T,C,-,-,F,L,G,L,H,N,L,P
A0A9P9J4G7,S,T,C,-,-,F,L,G,L,H,N,L,P
A0A9P9JMZ2,C,T,C,S,M,F,F,D,L,H,N,S,P
A0A9P9WX08,C,T,C,S,M,F,F,D,L,H,N,S,P
A0A9Q8QUG0,C,T,C,N,M,F,F,H,L,H,N,G,P
A0A9Q8T8Q0,C,T,C,S,M,F,F,D,L,H,N,S,-
A0A9W4MRE4,C,T,C,C,N,F,F,Y,L,H,N,S,P
A0A9W4RN00,V,G,C,C,Y,F,A,M,I,H,N,G,P
A0A9W8QV17,T,T,C,C,N,F,W,D,L,H,N,S,P
A0A9W8RJV8,C,T,C,C,L,F,F,D,L,H,N,S,P
A0A9W8TJ25,A,T,C,S,N,F,V,T,L,H,N,A,P
A0A9W8TRR6,C,T,C,S,L,F,F,D,L,H,N,S,P
A0A9W8U8Q1,G,T,C,T,N,F,C,L,M,H,N,A,P
A0A9W8W6M8,C,T,C,S,L,F,F,D,L,H,N,S,P
A0A9W8YXS9,C,T,C,S,L,F,F,D,L,H,N,S,P
A0A9W9D9I5,C,T,C,C,F,F,Y,S,I,H,N,S,P
A0A9W9FB46,A,T,C,C,Y,F,Y,K,L,H,N,S,P
A0A9W9J1X0,C,T,C,C,N,F,F,Y,L,H,N,S,P
A0A9W9LX41,S,T,C,-,-,F,L,G,L,H,N,L,P
A0A9W9PRC7,C,T,C,C,N,F,F,Y,I,H,N,S,P
A0A9W9RBM7,C,T,C,C,N,F,F,Y,-,H,N,S,P
A0A9W9V119,C,T,C,V,F,F,F,N,I,H,N,S,P
A0A9W9VRL8,C,T,C,T,F,F,F,N,I,H,N,S,P
A0A9W9WXD2,C,T,C,C,N,F,F,Y,-,H,N,S,P
A0A9X9MH45,C,T,C,C,L,F,F,D,L,H,N,S,P
A0AA38R120,C,T,C,S,M,F,F,D,L,H,N,S,P
A0AA38RV88,C,T,C,S,L,F,F,D,L,H,N,S,P
A0AA39CQ38,C,T,C,S,L,F,F,D,L,H,N,S,P
A0AA39G8Y3,C,T,C,S,L,F,F,D,L,H,N,S,P
A0AA39QX65,C,T,C,C,N,F,F,M,L,H,N,S,P
A0AA39R1E1,C,T,C,S,L,F,F,D,L,H,N,S,P
A0AA39U5E8,G,S,C,T,N,F,S,L,M,H,S,A,P
A0AA39XCD2,S,T,C,-,-,F,L,G,L,H,N,L,P
A0AA39ZJV5,C,T,C,C,N,F,F,Y,L,H,N,S,P
A0AA39ZKT9,C,T,C,S,M,F,F,D,L,H,N,S,P
A0AA40BXD3,C,T,C,S,L,F,F,D,L,H,N,S,P
A0AA40C8G6,C,T,C,S,M,F,F,D,L,H,N,S,P
A0AA40CKY9,C,T,C,S,L,F,F,D,L,H,N,S,P
A0AA40DKI2,C,T,C,S,M,F,F,D,L,H,N,S,P
A0AA40DKV8,C,T,C,S,M,F,F,D,L,H,N,S,P
A0AA40K2Q8,C,T,C,S,L,F,F,D,L,H,N,S,P
A0AA43QLY7,C,T,C,S,L,F,F,D,L,H,N,S,P
A0AAD2HHH8,C,T,C,T,M,F,F,D,L,H,N,S,P
A0AAD2K853,C,T,C,T,M,F,I,D,L,H,N,S,P
A0AAD4FEN3,C,T,C,C,F,F,Y,D,I,H,N,S,P
A0AAD4HZA6,C,T,C,S,L,F,F,D,L,H,N,S,P
A0AAD5WY15,C,T,C,S,M,F,F,D,L,H,N,S,P
A0AAD6CA57,C,T,C,P,F,F,Y,N,I,H,N,S,P
A0AAD6CT85,A,T,C,C,H,F,Y,K,L,-,-,-,-
A0AAD6GJT4,A,T,C,C,L,F,D,K,L,H,N,S,P
A0AAD6HIV3,T,T,C,C,Y,F,Y,R,I,H,N,I,P
A0AAD6IL99,C,T,C,-,-,F,F,Y,L,H,N,S,P
A0AAD6J3S1,C,T,C,C,L,F,F,D,L,H,N,S,P
A0AAD6TW98,C,T,C,T,T,F,F,S,L,H,N,S,P
A0AAD6V8Q3,C,T,C,R,L,F,V,D,L,H,N,G,P
A0AAD6VAS7,C,T,C,T,M,F,I,D,F,H,N,S,P
A0AAD6XS82,C,T,C,T,M,F,I,S,L,H,N,S,P
A0AAD6YJJ8,C,T,C,N,F,F,F,D,I,H,N,S,P
A0AAD7AQX4,C,T,C,T,M,F,I,D,L,H,N,S,P
A0AAD7E1R3,C,T,C,N,F,F,L,D,I,H,N,S,P
A0AAD7FUW0,C,T,C,M,G,F,V,N,M,H,N,S,-
A0AAD7GCC2,C,T,C,T,M,F,I,D,L,H,N,S,P
A0AAD7JK17,C,T,C,A,F,-,F,N,I,H,N,S,P
A0AAD7MQF2,C,T,C,T,M,F,I,D,L,H,N,S,P
A0AAD9M3D1,C,T,C,S,M,F,F,D,L,H,N,S,P
A0AAD9MFN2,C,T,C,S,L,F,F,D,L,H,N,S,P
A0AAD9S678,C,T,C,S,M,F,F,D,L,H,N,S,P
A0AAD9SYD1,C,T,C,S,L,F,F,D,L,H,N,S,P
A0AAD9YRK9,V,G,C,C,Y,F,A,M,I,H,N,G,P
A0AAD9ZFM4,C,T,C,S,L,F,F,D,L,H,N,S,P
A0AAE0I0K3,C,T,C,S,M,F,F,D,L,H,N,S,P
A0AAE0IYT3,C,T,C,C,N,F,W,Y,L,H,N,S,P
A0AAE0LPV4,C,T,C,S,L,F,F,D,L,H,N,S,P
A0AAE0NHF8,C,T,C,S,M,F,F,D,L,H,N,S,P
A0AAE0PMD5,C,T,C,S,M,F,F,D,L,H,N,S,P
A0AAE0XFA5,C,T,C,C,N,F,W,Y,L,H,N,S,P
A0AAE1C8A6,C,T,C,S,M,F,F,D,L,H,N,S,P
A0AAE8MU88,C,T,C,S,M,F,F,D,L,H,N,S,P
A0AAI8VD52,C,T,C,S,M,F,F,D,L,H,N,S,P
A0AAI9X284,C,T,C,C,N,F,F,Y,-,Y,-,-,-
A0AAJ0BG24,S,T,C,-,-,F,L,G,L,H,N,L,P
A0AAJ0BM31,C,T,C,S,L,F,F,D,L,H,N,S,P
A0AAJ0C0C0,-,-,-,S,M,F,F,D,L,H,N,S,P
A0AAJ0CFW4,S,T,C,-,-,F,L,G,L,H,N,L,P
A0AAJ0CG38,C,T,C,C,N,F,C,F,L,H,N,S,P
A0AAJ0CZE2,C,T,C,C,N,F,F,Y,L,H,N,S,P
A0AAJ0GJ08,I,T,C,C,T,F,W,N,L,H,N,S,P
A0AAN6E693,C,T,C,S,L,F,F,D,L,H,N,S,P
A0AAN6MBH1,C,T,C,C,N,F,F,Y,L,H,N,S,P
A0AAN6MFP4,C,T,C,S,L,F,F,D,L,H,N,S,P
A0AAN6MYE3,S,T,C,-,-,F,L,G,L,H,N,L,P
A0AAN6NGX2,C,T,C,S,M,F,F,D,L,H,N,S,P
A0AAN6PYX2,C,T,C,S,F,F,F,D,L,H,N,S,P
A0AAN6T0C4,C,T,C,C,N,F,F,Y,L,H,N,S,P
A0AAN6TAE1,C,T,C,S,L,F,F,D,L,H,N,S,P
A0AAN6UE56,C,T,C,S,L,F,F,D,L,H,N,S,P
A0AAN6W7J5,C,T,C,C,V,F,F,D,L,H,N,S,P
A0AAN6WVW8,C,T,C,S,M,F,F,D,L,H,N,S,P
A0AAN6XI80,C,T,C,S,L,F,F,D,L,H,N,S,P
A0AAN6XUC3,T,T,C,A,N,F,W,A,L,H,N,S,P
A0AAN7B2Z0,S,T,C,-,-,F,L,G,L,H,N,L,P
A0AAN7BB51,C,T,C,S,M,F,F,D,L,H,N,S,P
A0AAN7HSL5,C,T,C,S,L,F,F,D,L,H,N,S,P
A0AAN7T340,C,T,C,S,L,F,F,D,L,H,N,S,P
A0AAN7UDA0,C,T,C,S,L,F,F,D,L,H,N,S,P
A0AAN7UGM4,A,T,C,S,N,F,V,T,L,H,N,A,P
A0AAN8EAZ5,C,T,C,S,L,F,F,D,L,H,N,S,P
A0AAN8MZK4,C,T,C,C,L,F,F,D,L,H,N,S,P
A0AAN8NJ55,C,T,C,C,L,F,F,D,L,H,N,S,P
A0AAN9V823,C,T,C,S,F,F,F,D,L,H,N,S,P
A0AAN9YDM9,T,T,C,C,N,F,W,D,L,H,N,S,P
A0AAQ3R6T3,C,T,C,C,N,F,F,Y,L,H,N,S,P
A0AAV9HPF1,C,T,C,S,M,F,F,D,L,H,N,S,P
A0AAV9N652,C,T,C,T,L,F,F,D,L,H,N,S,P
A0AAV9UJZ3,C,T,C,C,L,F,F,D,L,H,N,S,P
A0AAV9V8E7,C,T,C,C,L,F,F,D,L,H,N,S,P
A0AAV9W576,C,T,C,C,L,F,F,D,L,H,N,S,P
A0AAV9XNL7,C,T,C,C,L,F,F,D,L,H,N,S,P
A0AAW0QC11,C,T,C,S,M,F,F,D,L,H,N,S,P
A0AAX4I6L2,V,G,C,C,Y,F,A,M,I,H,N,G,P
A0AAX4J4J2,C,T,C,C,N,F,F,Y,L,H,N,S,P
A0AAX6MX86,C,T,C,S,M,F,F,D,L,H,N,S,P
A0AB34FFE9,C,T,C,N,M,F,F,D,L,H,N,G,P
A0AB34KVQ6,C,T,C,C,N,F,Y,L,L,H,N,S,P
A0ABP0BM14,C,T,C,S,M,F,F,D,L,H,N,S,P
A0ABP0BMR9,C,T,C,S,M,F,F,D,L,H,N,S,P
A0ABP0BQ17,C,T,C,S,M,F,F,D,L,H,N,S,P
A0ABP0D742,C,T,C,S,M,F,F,D,L,H,N,S,P
A0ABP0D873,C,T,C,S,M,F,F,D,L,H,N,S,P
A0ABQ0GDY7,C,T,C,S,L,F,F,D,L,H,N,S,P
A0ABQ6KH95,C,T,C,P,F,F,F,N,I,H,N,I,H
A0ABQ6L474,C,T,C,M,Y,F,-,-,I,H,N,S,A
A0ABQ6L6I0,S,T,C,P,F,F,L,S,M,D,S,I,P
A0ABQ6LE57,C,T,C,C,F,F,F,N,I,-,-,-,-
A0ABQ6WZJ6,A,T,C,C,Q,F,Y,Q,L,H,N,S,P
A0ABQ8GJ28,C,T,C,C,H,F,F,W,I,H,N,S,P
A0ABQ8NQH5,C,T,C,C,G,F,S,Y,L,H,N,S,P
A0ABQ8NUE1,C,T,C,S,F,F,F,D,L,H,N,S,P
A0ABQ8WCM1,C,T,C,C,N,F,F,D,L,H,N,S,P
A0ABR0BK30,C,T,C,N,M,F,F,D,L,H,N,G,P
A0ABR0GFR3,C,T,C,S,L,F,F,D,L,H,N,S,-
A0ABR0JF95,A,T,C,C,N,F,L,L,L,H,N,S,P
A0ABR0JYW4,C,T,C,S,L,F,F,D,L,H,N,S,P
A0ABR0TNB7,C,T,C,S,N,F,F,H,L,H,N,S,P
A0ABR1HG41,C,T,C,S,M,F,F,D,L,H,N,S,P
A0ABR1NRM7,C,T,C,C,I,F,F,Y,L,H,N,S,P
A0ABR1PIT7,C,T,C,S,M,F,F,D,L,H,N,S,P
A0ABR1Q2N5,C,T,C,C,T,F,F,L,I,H,N,S,D
A0ABR1QXI5,C,T,C,S,M,F,F,D,L,H,N,S,P
A0ABR1RI18,C,T,C,S,M,F,F,D,L,H,N,S,P
A0ABR1S0N0,C,T,C,C,N,F,L,L,I,H,N,S,P
A0ABR1S1I4,C,T,C,C,T,F,F,L,I,H,N,S,P
A0ABR1SUD7,C,T,C,S,M,F,F,D,L,H,N,S,P
A0ABR1TIY1,C,T,C,S,M,F,F,D,L,H,N,S,P
A0ABR1VKP4,C,T,C,C,T,F,F,L,I,H,N,S,P
A0ABR2I0U6,C,T,C,S,M,F,F,D,L,H,N,S,P
A0ABR2JLE3,C,T,C,C,N,F,M,F,I,H,N,S,P
A0ABR2V6Z4,C,T,C,S,M,F,F,D,L,H,N,S,P
A0ABR3AFA6,C,T,C,C,M,F,F,D,L,H,N,S,P
A0ABR3DA93,C,T,C,S,M,F,F,D,L,H,N,S,P
A0ABR3VLV2,C,T,C,S,F,F,F,D,L,H,-,-,-
A0ABR3W919,C,T,C,C,I,F,F,Y,L,H,N,S,P
A0ABR3WUF8,C,T,C,S,M,F,F,D,L,H,N,S,P
A0ABR3ZGN9,C,T,C,S,M,F,F,D,L,H,N,S,P
A0ABR3ZY90,C,T,C,C,N,F,F,M,L,H,N,S,P
A0ABR4AQW7,C,T,C,S,L,F,F,D,L,H,N,S,P
A0ABR4BZ28,C,T,C,C,N,F,F,Y,L,H,N,S,P
A0ABR4CHZ2,C,T,C,S,L,F,F,D,L,H,N,S,P
A0ABR4F1W0,C,T,C,C,I,F,F,Y,L,H,N,S,P
A0ABR4GLN7,A,T,C,C,N,F,F,T,L,H,N,S,P
A0ABR4J1Q2,A,T,C,C,N,F,F,V,L,H,N,S,P
A0ABR4PEQ7,C,T,C,S,M,F,F,D,L,H,N,S,P
A0ABY0GT09,C,T,C,S,L,F,F,D,L,H,N,S,P
A0ABY6TSL1,C,T,C,C,L,F,F,D,L,H,N,S,P
A0ABY6USD3,C,T,C,S,L,F,F,N,L,H,N,S,P
A0ACA9UCT8,C,T,C,C,L,F,F,D,L,H,N,S,P
A0ACB6SHW3,C,T,C,C,F,F,Y,S,I,H,N,S,P
A0ACB7NUY9,C,T,C,S,L,F,F,D,L,H,N,S,P
A0ACB9YP28,C,T,C,S,M,F,F,D,L,H,N,S,P
A0ACC0CTB6,C,T,C,S,M,F,F,D,L,H,N,S,P
A0ACC0TQK0,C,T,C,C,H,F,W,Q,L,H,N,S,P
A0ACC0V293,C,T,C,S,L,F,F,D,L,H,N,S,P
A0ACC1T004,C,T,C,S,L,F,F,D,L,H,N,S,P
A0ACC1TE54,C,T,C,A,M,F,F,D,L,H,N,S,P
A0ACC2JXP6,A,T,C,S,N,F,V,T,L,H,N,A,P
A0ACC2VE90,-,-,C,T,L,F,F,N,I,H,-,-,-
A0ACC2WCV7,C,T,C,T,L,F,F,N,I,H,N,S,P
A0ACC2XS98,-,-,C,T,L,F,F,N,I,H,N,S,P
A0ACC2XXF6,-,-,C,T,L,F,F,N,I,H,N,S,P
A0ACC3A050,C,T,C,C,N,F,F,L,L,H,N,S,P
A0ACC3AEV6,C,T,C,S,F,F,F,D,L,H,N,S,P
A0ACC3YQF5,C,T,C,S,L,F,F,D,L,H,N,S,P
A0ACC3YST6,V,G,C,C,Y,F,A,M,I,H,N,G,P
A0ACD1IH72,V,T,C,C,Q,F,Y,K,I,H,N,S,P
A7EAK6,C,T,C,S,L,F,F,D,L,H,N,S,P
B2AQY4,C,T,C,S,L,F,F,D,L,H,N,S,P
C4JSL0,C,T,C,P,L,F,F,N,V,H,N,S,P
C5FX60,C,T,C,C,N,F,F,F,L,H,N,S,P
D4AT57,C,T,C,C,N,F,C,Y,L,H,N,S,P
E3QX44,C,T,C,S,M,F,F,D,L,H,N,S,P
E3RK22,C,T,C,C,F,F,Y,D,I,H,N,S,P
E4UVT6,C,T,C,C,N,F,C,Y,L,H,N,S,P
E4ZW99,C,T,C,C,F,F,Y,N,I,H,N,S,P
F0XBZ2,C,T,C,S,M,F,F,N,L,H,N,S,P
F7VW59,C,T,C,S,M,F,F,D,L,H,N,S,P
F9X176,C,T,C,S,H,F,-,-,I,H,N,S,P
G1X3L4,C,T,C,C,L,F,F,D,L,H,N,S,P
G2QF11,C,T,C,S,L,F,F,D,L,H,N,S,P
G2QSN3,C,T,C,S,L,F,F,N,L,H,N,S,P
G2XAU7,C,T,C,S,M,F,F,D,L,H,N,S,P
H6C6Q8,C,T,C,S,L,F,F,D,L,H,N,S,P
J3KJU3,C,T,C,P,L,F,F,N,V,H,N,S,P
J3NIV0,C,T,C,S,F,F,F,D,L,H,N,S,P
J5JMB4,C,T,C,C,N,F,F,Y,L,H,N,S,P
K5V9D4,C,T,C,T,L,F,F,D,L,H,N,S,P
K5X979,C,T,C,V,L,Y,F,D,L,H,N,S,P
M2SAW8,C,T,C,C,F,F,Y,N,I,H,N,S,P
M2UG08,C,T,C,C,F,F,Y,N,I,H,N,S,P
M5FQY3,V,C,C,A,F,F,V,P,L,H,N,A,P
M7TSD2,C,T,C,S,F,F,F,D,L,H,N,S,P
N1J930,C,T,C,C,L,F,F,D,L,H,N,S,P
P0DUK2,C,T,C,C,N,F,F,F,L,H,N,S,P
Q2GSX0,C,T,C,S,L,-,-,-,-,-,-,S,P
Q2U852,C,T,C,P,F,F,F,N,I,H,N,I,H
Q53U81,S,T,C,-,-,F,L,S,M,D,S,I,P
R0KEQ2,-,-,C,C,F,F,Y,H,I,H,N,S,P
R8BSB6,C,T,C,S,M,F,F,D,L,H,N,S,P
S3CF48,C,T,C,S,M,F,F,D,L,H,N,S,P
S3CGA1,C,T,C,S,L,F,F,D,L,H,N,S,P
S8AYV8,C,T,C,T,Y,F,Y,N,I,H,N,S,P
S8BVV0,C,T,C,C,L,F,F,D,L,H,N,S,P
W2S6L9,C,T,C,S,F,F,F,D,L,H,N,S,P
W3WYM6,C,T,C,S,M,F,F,D,L,H,N,S,P
W6Y3L6,C,T,C,C,F,F,Y,N,I,H,N,S,P
W6ZSR3,C,T,C,C,F,F,Y,N,I,H,N,S,P
W9CHY2,C,T,C,S,L,F,F,D,L,H,N,S,P
W9Y2I5,C,T,C,S,L,F,F,N,L,H,N,S,P
W9Y6Q1,C,T,C,S,L,F,F,D,L,H,N,S,P
