accession,full_header,dist_HvCHS2,dist_CpCHS1,dist_PmSPS1,dist_PhCHS,dist_MsCHS,caffeoyl_anchor_min_dist,pcoumaroyl_anchor_min_dist,differential_score,triad_intact,residue_tier,organism,protein_name
A0A423XC84,tr|A0A423XC84|A0A423XC84_9PEZI,3.4716,3.8101,3.6551,3.5431,3.6121,3.4716,3.5431,-0.0715,True,B_aliphatic_gatekeeper,Cytospora leucostoma,Chalcone synthase
A0A194VDY8,tr|A0A194VDY8|A0A194VDY8_CYTMA,3.4685,3.8071,3.652,3.54,3.609,3.4685,3.54,-0.0715,True,B_aliphatic_gatekeeper,Cytospora mali,"5,7-dihydroxy-2-methylchromone synthase"
A0A423WJ97,tr|A0A423WJ97|A0A423WJ97_CYTCH,3.4821,3.8207,3.6656,3.5536,3.6226,3.4821,3.5536,-0.0715,True,B_aliphatic_gatekeeper,Cytospora chrysosperma,Chalcone/stilbene synthase N-terminal domain-containing protein
A0A423WY23,tr|A0A423WY23|A0A423WY23_9PEZI,3.4808,3.8193,3.6643,3.5523,3.6213,3.4808,3.5523,-0.0715,True,B_aliphatic_gatekeeper,Cytospora schulzeri,Uncharacterized protein
A0ABR1PIT7,tr|A0ABR1PIT7|A0ABR1PIT7_DIAER,3.4977,3.8362,3.6811,3.5691,3.6382,3.4977,3.5691,-0.0715,True,B_aliphatic_gatekeeper,Diaporthe eres,Uncharacterized protein
A0A2P5I7D7,tr|A0A2P5I7D7|A0A2P5I7D7_DIAHE,3.5741,3.9127,3.7576,3.6456,3.7146,3.5741,3.6456,-0.0715,True,B_aliphatic_gatekeeper,Diaporthe helianthi,Chalcone and stilbene synthase
A0AAD9S678,tr|A0AAD9S678|A0AAD9S678_DIAAM,3.5209,3.8594,3.7044,3.5924,3.6614,3.5209,3.5924,-0.0715,True,B_aliphatic_gatekeeper,Diaporthe amygdali,Uncharacterized protein
A0ABR3WUF8,tr|A0ABR3WUF8|A0ABR3WUF8_9PEZI,3.5101,3.8487,3.6936,3.5816,3.6506,3.5101,3.5816,-0.0715,True,B_aliphatic_gatekeeper,Diaporthe australafricana,Uncharacterized protein
A0A9W8YXS9,tr|A0A9W8YXS9|A0A9W8YXS9_9PEZI,3.5019,3.8405,3.6854,3.5734,3.6424,3.5019,3.5734,-0.0715,True,B_aliphatic_gatekeeper,Gnomoniopsis smithogilvyi,Uncharacterized protein
A0A2T3AM58,tr|A0A2T3AM58|A0A2T3AM58_9PEZI,3.5958,3.9344,3.7793,3.6673,3.7363,3.5958,3.6673,-0.0715,True,B_aliphatic_gatekeeper,Coniella lustricola,Thiolase-like protein
A0A9P4XUJ3,tr|A0A9P4XUJ3|A0A9P4XUJ3_CRYP1,3.5545,3.893,3.7379,3.6259,3.695,3.5545,3.6259,-0.0715,True,B_aliphatic_gatekeeper,Cryphonectria parasitica (strain ATCC 38755 / EP155),Thiolase-like protein (Fragment)
A0AAN6NGX2,tr|A0AAN6NGX2|A0AAN6NGX2_9PEZI,3.4739,3.8124,3.6573,3.5453,3.6144,3.4739,3.5453,-0.0715,True,B_aliphatic_gatekeeper,Diplogelasinospora grovesii,Type III polyketide synthase
A0AA40DKV8,tr|A0AA40DKV8|A0AA40DKV8_9PEZI,3.5185,3.857,3.702,3.59,3.659,3.5185,3.59,-0.0715,True,B_aliphatic_gatekeeper,Lasiosphaeris hirsuta,Thiolase-like protein
A0AAE1C8A6,tr|A0AAE1C8A6|A0AAE1C8A6_9PEZI,3.5814,3.92,3.7649,3.6529,3.722,3.5814,3.6529,-0.0715,True,B_aliphatic_gatekeeper,Podospora appendiculata,Thiolase-like protein
A0AAE0I0K3,tr|A0AAE0I0K3|A0AAE0I0K3_9PEZI,3.5577,3.8963,3.7412,3.6292,3.6982,3.5577,3.6292,-0.0715,True,B_aliphatic_gatekeeper,Apodospora peruviana,Type III polyketide synthase
A0AAN7BB51,tr|A0AAN7BB51|A0AAN7BB51_9PEZI,3.6681,4.0067,3.8516,3.7396,3.8086,3.6681,3.7396,-0.0715,True,B_aliphatic_gatekeeper,Rhypophila decipiens,Type III polyketide synthase
A0AA40C8G6,tr|A0AA40C8G6|A0AA40C8G6_9PEZI,3.6331,3.9717,3.8166,3.7046,3.7737,3.6331,3.7046,-0.0715,True,B_aliphatic_gatekeeper,Bombardia bombarda,Thiolase-like protein
A0AAE0NHF8,tr|A0AAE0NHF8|A0AAE0NHF8_9PEZI,3.5208,3.8593,3.7043,3.5923,3.6613,3.5208,3.5923,-0.0715,True,B_aliphatic_gatekeeper,Podospora didyma,Thiolase-like protein
A0AAD9MFN2,tr|A0AAD9MFN2|A0AAD9MFN2_9PEZI,3.5669,3.9054,3.7503,3.6383,3.7074,3.5669,3.6383,-0.0715,True,B_aliphatic_gatekeeper,Phyllachora maydis,Uncharacterized protein
A0A6P8BDL9,tr|A0A6P8BDL9|A0A6P8BDL9_PYRGI,3.6538,3.9923,3.8373,3.7253,3.7943,3.6538,3.7253,-0.0715,True,B_aliphatic_gatekeeper,Pyricularia grisea,Uncharacterized protein
A0ABQ8NUE1,tr|A0ABQ8NUE1|A0ABQ8NUE1_PYRGI,3.6869,4.0254,3.8704,3.7584,3.8274,3.6869,3.7584,-0.0715,True,B_aliphatic_gatekeeper,Pyricularia grisea,Uncharacterized protein
A0A0C4E6R1,tr|A0A0C4E6R1|A0A0C4E6R1_MAGP6,3.64,3.9786,3.8235,3.7115,3.7805,3.64,3.7115,-0.0715,True,B_aliphatic_gatekeeper,Magnaporthiopsis poae (strain ATCC 64411 / 73-15),Uncharacterized protein
J3NIV0,tr|J3NIV0|J3NIV0_GAET3,3.6011,3.9397,3.7846,3.6726,3.7416,3.6011,3.6726,-0.0715,True,B_aliphatic_gatekeeper,Gaeumannomyces tritici (strain R3-111a-1),Uncharacterized protein
A0AAJ0C0C0,tr|A0AAJ0C0C0|A0AAJ0C0C0_9PEZI,3.5815,3.9201,3.765,3.653,3.722,3.5815,3.653,-0.0715,False,D_broken_triad,Phialemonium atrogriseum,Thiolase-like protein
A0A1J7IAV3,tr|A0A1J7IAV3|A0A1J7IAV3_9PEZI,3.6456,3.9841,3.829,3.717,3.7861,3.6456,3.717,-0.0715,True,B_aliphatic_gatekeeper,Coniochaeta ligniaria NRRL 30616,Thiolase-like protein
A0AA38R120,tr|A0AA38R120|A0AA38R120_9PEZI,3.6343,3.9729,3.8178,3.7058,3.7748,3.6343,3.7058,-0.0715,True,B_aliphatic_gatekeeper,Coniochaeta hoffmannii,Thiolase-like protein
A0AAN6TAE1,tr|A0AAN6TAE1|A0AAN6TAE1_9PEZI,3.7094,4.0479,3.8928,3.7808,3.8499,3.7094,3.7808,-0.0715,True,B_aliphatic_gatekeeper,Canariomyces notabilis,Thiolase-like protein
A0AAN6PYX2,tr|A0AAN6PYX2|A0AAN6PYX2_9PEZI,3.8225,4.1611,4.006,3.894,3.9631,3.8225,3.894,-0.0715,True,B_aliphatic_gatekeeper,Parathielavia hyrcaniae,Thiolase-like protein
A0AAE0LPV4,tr|A0AAE0LPV4|A0AAE0LPV4_9PEZI,3.8275,4.1661,4.011,3.899,3.968,3.8275,3.899,-0.0715,True,B_aliphatic_gatekeeper,Chaetomium fimeti,Thiolase-like protein
A0ACB7NUY9,tr|A0ACB7NUY9|A0ACB7NUY9_9PEZI,3.8506,4.1892,4.0341,3.9221,3.9911,3.8506,3.9221,-0.0715,True,B_aliphatic_gatekeeper,Chaetomium tenue,Thiolase-like protein
Q2GSX0,tr|Q2GSX0|Q2GSX0_CHAGB,3.8506,4.1891,4.034,3.922,3.9911,3.8506,3.922,-0.0715,False,D_broken_triad,Chaetomium globosum (strain ATCC 6205 / CBS 148.51 / DSM 1962 / NBRC 6347 / NRRL 1970),Chalcone/stilbene synthase N-terminal domain-containing protein
A0AAN7HSL5,tr|A0AAN7HSL5|A0AAN7HSL5_9PEZI,3.8928,4.2314,4.0763,3.9643,4.0334,3.8928,3.9643,-0.0715,True,B_aliphatic_gatekeeper,Corynascus novoguineensis,Thiolase-like protein
G2QF11,tr|G2QF11|G2QF11_THET4,3.9098,4.2484,4.0933,3.9813,4.0503,3.9098,3.9813,-0.0715,True,B_aliphatic_gatekeeper,Thermothelomyces thermophilus (strain ATCC 42464 / BCRC 31852 / DSM 1799),Uncharacterized protein
A0AAD4HZA6,tr|A0AAD4HZA6|A0AAD4HZA6_9PEZI,3.7843,4.1229,3.9678,3.8558,3.9248,3.7843,3.8558,-0.0715,True,B_aliphatic_gatekeeper,Staphylotrichum longicolle,Uncharacterized protein
A0AAN6MFP4,tr|A0AAN6MFP4|A0AAN6MFP4_9PEZI,3.8089,4.1475,3.9924,3.8804,3.9495,3.8089,3.8804,-0.0715,True,B_aliphatic_gatekeeper,Staphylotrichum tortipilum,Thiolase-like protein
G2QSN3,tr|G2QSN3|G2QSN3_THETT,3.7091,4.0476,3.8926,3.7806,3.8496,3.7091,3.7806,-0.0715,True,B_aliphatic_gatekeeper,Thermothielavioides terrestris (strain ATCC 38088 / NRRL 8126),Uncharacterized protein
A0AAN6UE56,tr|A0AAN6UE56|A0AAN6UE56_9PEZI,3.7456,4.0841,3.929,3.817,3.8861,3.7456,3.817,-0.0715,True,B_aliphatic_gatekeeper,Trichocladium antarcticum,Polyketide synthase
A0A175VUX0,tr|A0A175VUX0|A0A175VUX0_9PEZI,3.7227,4.0612,3.9061,3.7941,3.8632,3.7227,3.7941,-0.0715,False,D_broken_triad,Madurella mycetomatis,Chalcone synthase G
A0ABQ0GDY7,tr|A0ABQ0GDY7|A0ABQ0GDY7_9PEZI,3.7066,4.0452,3.8901,3.7781,3.8471,3.7066,3.7781,-0.0715,True,B_aliphatic_gatekeeper,Madurella fahalii,Chalcone synthase
A0AAV9HPF1,tr|A0AAV9HPF1|A0AAV9HPF1_9PEZI,3.7121,4.0507,3.8956,3.7836,3.8526,3.7121,3.7836,-0.0715,True,B_aliphatic_gatekeeper,Cladorrhinum samala,Thiolase-like protein
A0AAN6W7J5,tr|A0AAN6W7J5|A0AAN6W7J5_9PEZI,3.8017,4.1402,3.9852,3.8732,3.9422,3.8017,3.8732,-0.0715,True,B_aliphatic_gatekeeper,Triangularia setosa,Chalcone synthase
A0AA40DKI2,tr|A0AA40DKI2|A0AA40DKI2_9PEZI,3.8344,4.1729,4.0178,3.9058,3.9749,3.8344,3.9058,-0.0715,True,B_aliphatic_gatekeeper,Apiosordaria backusii,Thiolase-like protein
A0AAN6XI80,tr|A0AAN6XI80|A0AAN6XI80_9PEZI,3.7873,4.1259,3.9708,3.8588,3.9279,3.7873,3.8588,-0.0715,True,B_aliphatic_gatekeeper,Triangularia verruculosa,Thiolase-like protein
A0ABR0GFR3,tr|A0ABR0GFR3|A0ABR0GFR3_9PEZI,3.7635,4.1021,3.947,3.835,3.9041,3.7635,3.835,-0.0715,True,B_aliphatic_gatekeeper,Podospora pseudocomata,Chalcone synthase
B2AQY4,tr|B2AQY4|B2AQY4_PODAN,3.7363,4.0748,3.9197,3.8077,3.8768,3.7363,3.8077,-0.0715,True,B_aliphatic_gatekeeper,Podospora anserina (strain S / ATCC MYA-4624 / DSM 980 / FGSC 10383),Chalcone synthase
A0AA39ZKT9,tr|A0AA39ZKT9|A0AA39ZKT9_9PEZI,3.7057,4.0442,3.8891,3.7771,3.8462,3.7057,3.7771,-0.0715,True,B_aliphatic_gatekeeper,Cercophora samala,Chalcone synthase
A0AAN6WVW8,tr|A0AAN6WVW8|A0AAN6WVW8_9PEZI,3.6396,3.9782,3.8231,3.7111,3.7801,3.6396,3.7111,-0.0715,True,B_aliphatic_gatekeeper,Podospora australis,Chalcone synthase
A0AAJ0BM31,tr|A0AAJ0BM31|A0AAJ0BM31_9PEZI,3.5691,3.9077,3.7526,3.6406,3.7097,3.5691,3.6406,-0.0715,True,B_aliphatic_gatekeeper,Echria macrotheca,Thiolase-like protein (Fragment)
A0AA40K2Q8,tr|A0AA40K2Q8|A0AA40K2Q8_9PEZI,3.7134,4.0519,3.8968,3.7848,3.8539,3.7134,3.7848,-0.0715,True,B_aliphatic_gatekeeper,Schizothecium vesticola,Thiolase-like protein
A0AA40BXD3,tr|A0AA40BXD3|A0AA40BXD3_9PEZI,3.5809,3.9195,3.7644,3.6524,3.7214,3.5809,3.6524,-0.0715,True,B_aliphatic_gatekeeper,Immersiella caudata,Type III polyketide synthase
A0AA40CKY9,tr|A0AA40CKY9|A0AA40CKY9_9PEZI,3.5782,3.9168,3.7617,3.6497,3.7187,3.5782,3.6497,-0.0715,True,B_aliphatic_gatekeeper,Cercophora newfieldiana,Type III polyketide synthase
A0ABR3DA93,tr|A0ABR3DA93|A0ABR3DA93_NEUIN,3.5001,3.8387,3.6836,3.5716,3.6406,3.5001,3.5716,-0.0715,True,B_aliphatic_gatekeeper,Neurospora intermedia,Chalcone synthase
A0AAE0PMD5,tr|A0AAE0PMD5|A0AAE0PMD5_SORBR,3.5362,3.8748,3.7197,3.6077,3.6767,3.5362,3.6077,-0.0715,True,B_aliphatic_gatekeeper,Sordaria brevicollis,Type III polyketide synthase
F7VW59,tr|F7VW59|F7VW59_SORMK,3.5033,3.8419,3.6868,3.5748,3.6438,3.5033,3.5748,-0.0715,True,B_aliphatic_gatekeeper,Sordaria macrospora (strain ATCC MYA-333 / DSM 997 / K(L3346) / K-hell),Putative type III polyketide synthase
F0XBZ2,tr|F0XBZ2|F0XBZ2_GROCL,3.4484,3.7869,3.6318,3.5198,3.5889,3.4484,3.5198,-0.0715,True,B_aliphatic_gatekeeper,Grosmannia clavigera (strain kw1407 / UAMH 11150),A chain crystal structure of a type 3 polyketide synthase pksiiinc from neurospora crassa
A0A162JF80,tr|A0A162JF80|A0A162JF80_9HYPO,3.4682,3.8067,3.6516,3.5396,3.6087,3.4682,3.5396,-0.0715,True,B_aliphatic_gatekeeper,Niveomyces insectorum RCEF 264,Polyketide synthase
A0A0C2F5M0,tr|A0A0C2F5M0|A0A0C2F5M0_9PEZI,3.5187,3.8572,3.7021,3.5901,3.6592,3.5187,3.5901,-0.0715,True,B_aliphatic_gatekeeper,Sporothrix brasiliensis 5110,Type III polyketide synthase
A0ABR3ZGN9,tr|A0ABR3ZGN9|A0ABR3ZGN9_9PEZI,3.4899,3.8284,3.6733,3.5613,3.6304,3.4899,3.5613,-0.0715,True,B_aliphatic_gatekeeper,Sporothrix stenoceras,Chalcone synthase
A0ABP0BM14,tr|A0ABP0BM14|A0ABP0BM14_9PEZI,3.4836,3.8222,3.6671,3.5551,3.6241,3.4836,3.5551,-0.0715,True,B_aliphatic_gatekeeper,Sporothrix eucalyptigena,Chalcone synthase
A0ABP0BQ17,tr|A0ABP0BQ17|A0ABP0BQ17_9PEZI,3.5419,3.8805,3.7254,3.6134,3.6824,3.5419,3.6134,-0.0715,True,B_aliphatic_gatekeeper,Sporothrix curviconia,Chalcone synthase
A0ABP0D742,tr|A0ABP0D742|A0ABP0D742_9PEZI,3.5743,3.9128,3.7578,3.6458,3.7148,3.5743,3.6458,-0.0715,True,B_aliphatic_gatekeeper,Sporothrix epigloea,Chalcone synthase
A0ABP0D873,tr|A0ABP0D873|A0ABP0D873_9PEZI,3.5575,3.8961,3.741,3.629,3.698,3.5575,3.629,-0.0715,True,B_aliphatic_gatekeeper,Sporothrix epigloea,Chalcone synthase
A0ABP0BMR9,tr|A0ABP0BMR9|A0ABP0BMR9_9PEZI,3.4826,3.8212,3.6661,3.5541,3.6231,3.4826,3.5541,-0.0715,True,B_aliphatic_gatekeeper,Sporothrix bragantina,Chalcone synthase
S3CF48,tr|S3CF48|S3CF48_OPHP1,3.4817,3.8202,3.6651,3.5531,3.6222,3.4817,3.5531,-0.0715,True,B_aliphatic_gatekeeper,Ophiostoma piceae (strain UAMH 11346),Chalcone synthase c
A0AA38RV88,tr|A0AA38RV88|A0AA38RV88_9PEZI,3.3019,3.6405,3.4854,3.3734,3.4424,3.3019,3.3734,-0.0715,True,B_aliphatic_gatekeeper,Pleurostoma richardsiae,Chalcone and stilbene synthase
R8BSB6,tr|R8BSB6|R8BSB6_PHAM7,3.3723,3.7108,3.5558,3.4438,3.5128,3.3723,3.4438,-0.0715,True,B_aliphatic_gatekeeper,Phaeoacremonium minimum (strain UCR-PA7),Putative chalcone synthase c protein
A0A084AQX0,tr|A0A084AQX0|A0A084AQX0_STACB,3.3132,3.6518,3.4967,3.3847,3.4537,3.3132,3.3847,-0.0715,True,B_aliphatic_gatekeeper,Stachybotrys chartarum (strain CBS 109288 / IBT 7711),Uncharacterized protein
A0A8K0WR77,tr|A0A8K0WR77|A0A8K0WR77_9HYPO,3.2809,3.6195,3.4644,3.3524,3.4214,3.2809,3.3524,-0.0715,True,B_aliphatic_gatekeeper,Stachybotrys elegans,Thiolase-like protein
A0A9P9ATH1,tr|A0A9P9ATH1|A0A9P9ATH1_9HYPO,3.3258,3.6644,3.5093,3.3973,3.4663,3.3258,3.3973,-0.0715,True,B_aliphatic_gatekeeper,Thelonectria olida,Thiolase-like protein
A0A2K0UIX7,tr|A0A2K0UIX7|A0A2K0UIX7_GIBNY,3.4381,3.7766,3.6215,3.5095,3.5786,3.4381,3.5095,-0.0715,True,B_aliphatic_gatekeeper,Gibberella nygamai,Chalcone/stilbene synthase N-terminal domain-containing protein
A0A9P7H923,tr|A0A9P7H923|A0A9P7H923_9HYPO,3.4269,3.7655,3.6104,3.4984,3.5674,3.4269,3.4984,-0.0715,True,B_aliphatic_gatekeeper,Fusarium avenaceum,Uncharacterized protein
A0A8H4NL21,tr|A0A8H4NL21|A0A8H4NL21_9HYPO,3.4424,3.781,3.6259,3.5139,3.583,3.4424,3.5139,-0.0715,True,B_aliphatic_gatekeeper,Fusarium austroafricanum,Uncharacterized protein
A0A366SC95,tr|A0A366SC95|A0A366SC95_9HYPO,3.4641,3.8027,3.6476,3.5356,3.6047,3.4641,3.5356,-0.0715,True,B_aliphatic_gatekeeper,Fusarium coffeatum,Chalcone/stilbene synthase N-terminal domain-containing protein
A0A2T4GKI4,tr|A0A2T4GKI4|A0A2T4GKI4_FUSCU,3.4934,3.832,3.6769,3.5649,3.634,3.4934,3.5649,-0.0715,True,B_aliphatic_gatekeeper,Fusarium culmorum,Chalcone synthase
A0A1B8ASZ0,tr|A0A1B8ASZ0|A0A1B8ASZ0_FUSPO,3.507,3.8455,3.6904,3.5784,3.6475,3.507,3.5784,-0.0715,True,B_aliphatic_gatekeeper,Fusarium poae,Chalcone/stilbene synthase N-terminal domain-containing protein
A0A0N0DHY2,tr|A0A0N0DHY2|A0A0N0DHY2_FUSLA,3.5194,3.858,3.7029,3.5909,3.66,3.5194,3.5909,-0.0715,True,B_aliphatic_gatekeeper,Fusarium langsethiae,Stilbene synthase 3
A0A395SZF4,tr|A0A395SZF4|A0A395SZF4_9HYPO,3.4657,3.8042,3.6491,3.5371,3.6062,3.4657,3.5371,-0.0715,True,B_aliphatic_gatekeeper,Fusarium longipes,Stilbene synthase 3
A0A9P5E2B7,tr|A0A9P5E2B7|A0A9P5E2B7_9HYPO,3.48,3.8185,3.6635,3.5515,3.6205,3.48,3.5515,-0.0715,True,B_aliphatic_gatekeeper,Fusarium beomiforme,Stilbene synthase 2
A0A8H4X7Q3,tr|A0A8H4X7Q3|A0A8H4X7Q3_9HYPO,3.3977,3.7362,3.5811,3.4691,3.5382,3.3977,3.4691,-0.0715,True,B_aliphatic_gatekeeper,Fusarium sarcochroum,Uncharacterized protein
A0A8H4P7M9,tr|A0A8H4P7M9|A0A8H4P7M9_9HYPO,3.4004,3.7389,3.5838,3.4718,3.5409,3.4004,3.4718,-0.0715,True,B_aliphatic_gatekeeper,Fusarium albosuccineum,Uncharacterized protein
A0A8H4UM27,tr|A0A8H4UM27|A0A8H4UM27_9HYPO,3.454,3.7926,3.6375,3.5255,3.5945,3.454,3.5255,-0.0715,True,B_aliphatic_gatekeeper,Fusarium zealandicum,Uncharacterized protein
A0A9W8W6M8,tr|A0A9W8W6M8|A0A9W8W6M8_9HYPO,3.4481,3.7867,3.6316,3.5196,3.5886,3.4481,3.5196,-0.0715,True,B_aliphatic_gatekeeper,Fusarium piperis,Uncharacterized protein
A0A3M2RTF6,tr|A0A3M2RTF6|A0A3M2RTF6_9HYPO,3.4308,3.7694,3.6143,3.5023,3.5713,3.4308,3.5023,-0.0715,True,B_aliphatic_gatekeeper,Fusarium kuroshium,Uncharacterized protein
A0A428TV54,tr|A0A428TV54|A0A428TV54_9HYPO,3.4314,3.77,3.6149,3.5029,3.5719,3.4314,3.5029,-0.0715,True,B_aliphatic_gatekeeper,Fusarium oligoseptatum,Uncharacterized protein
A0A0P7BB74,tr|A0A0P7BB74|A0A0P7BB74_9HYPO,3.3438,3.6824,3.5273,3.4153,3.4843,3.3438,3.4153,-0.0715,True,B_aliphatic_gatekeeper,Neonectria ditissima,Stilbene synthase 3
A0ABR1HG41,tr|A0ABR1HG41|A0ABR1HG41_9HYPO,3.3651,3.7037,3.5486,3.4366,3.5056,3.3651,3.4366,-0.0715,True,B_aliphatic_gatekeeper,Neonectria magnoliae,Uncharacterized protein
A0A9P5LAY7,tr|A0A9P5LAY7|A0A9P5LAY7_9HYPO,3.344,3.6826,3.5275,3.4155,3.4845,3.344,3.4155,-0.0715,True,B_aliphatic_gatekeeper,Cylindrodendrum hubeiense,Uncharacterized protein
A0A9P9JMZ2,tr|A0A9P9JMZ2|A0A9P9JMZ2_9HYPO,3.3702,3.7087,3.5537,3.4417,3.5107,3.3702,3.4417,-0.0715,True,B_aliphatic_gatekeeper,Dactylonectria macrodidyma,Thiolase-like protein
A0A9P7ZGE5,tr|A0A9P7ZGE5|A0A9P7ZGE5_9HYPO,3.4161,3.7547,3.5996,3.4876,3.5566,3.4161,3.4876,-0.0715,True,B_aliphatic_gatekeeper,Emericellopsis atlantica,Thiolase-like protein
A0A9N9V0Z9,tr|A0A9N9V0Z9|A0A9N9V0Z9_9HYPO,3.5125,3.851,3.6959,3.5839,3.653,3.5125,3.5839,-0.0715,True,B_aliphatic_gatekeeper,Clonostachys rhizophaga,Uncharacterized protein
A0ABY6USD3,tr|A0ABY6USD3|A0ABY6USD3_BIOOC,3.505,3.8436,3.6885,3.5765,3.6455,3.505,3.5765,-0.0715,True,B_aliphatic_gatekeeper,Bionectria ochroleuca,Uncharacterized protein
A0ACC0V293,tr|A0ACC0V293|A0ACC0V293_9HYPO,3.3822,3.7207,3.5656,3.4536,3.5227,3.3822,3.4536,-0.0715,True,B_aliphatic_gatekeeper,Trichothecium roseum,Uncharacterized protein
A0A8K0WPS2,tr|A0A8K0WPS2|A0A8K0WPS2_9HYPO,3.8452,4.1838,4.0287,3.9167,3.9858,3.8452,3.9167,-0.0715,True,B_aliphatic_gatekeeper,Stachybotrys elegans,Type III polyketide Synthase
A0A084AVI2,tr|A0A084AVI2|A0A084AVI2_STACB,3.7262,4.0647,3.9097,3.7977,3.8667,3.7262,3.7977,-0.0715,True,B_aliphatic_gatekeeper,Stachybotrys chartarum (strain CBS 109288 / IBT 7711),Uncharacterized protein
A0A084B516,tr|A0A084B516|A0A084B516_STACB,4.2727,4.6112,4.4562,4.3442,4.4132,4.2727,4.3442,-0.0715,False,D_broken_triad,Stachybotrys chartarum (strain CBS 109288 / IBT 7711),Chalcone/stilbene synthase N-terminal domain-containing protein
A0A084QT50,tr|A0A084QT50|A0A084QT50_STAC4,4.3265,4.665,4.51,4.398,4.467,4.3265,4.398,-0.0715,False,D_broken_triad,Stachybotrys chlorohalonatus (strain IBT 40285),Chalcone/stilbene synthase N-terminal domain-containing protein
A0A084R260,tr|A0A084R260|A0A084R260_STAC4,3.8065,4.145,3.9899,3.8779,3.947,3.8065,3.8779,-0.0715,True,C_aromatic_gatekeeper(classicCHS-like),Stachybotrys chlorohalonatus (strain IBT 40285),Uncharacterized protein
A0A2A9P6W4,tr|A0A2A9P6W4|A0A2A9P6W4_OPHUN,3.6778,4.0164,3.8613,3.7493,3.8183,3.6778,3.7493,-0.0715,True,B_aliphatic_gatekeeper,Ophiocordyceps unilateralis,Chalcone synthase
A0A2C5ZCI2,tr|A0A2C5ZCI2|A0A2C5ZCI2_9HYPO,3.718,4.0566,3.9015,3.7895,3.8586,3.718,3.7895,-0.0715,True,B_aliphatic_gatekeeper,Ophiocordyceps camponoti-rufipedis,Chalcone synthase
A0A8H4QCM8,tr|A0A8H4QCM8|A0A8H4QCM8_9HYPO,3.7312,4.0698,3.9147,3.8027,3.8717,3.7312,3.8027,-0.0715,True,B_aliphatic_gatekeeper,Ophiocordyceps camponoti-floridani,Chalcone and stilbene synthase
A0AB34FFE9,tr|A0AB34FFE9|A0AB34FFE9_9HYPO,3.78,4.1186,3.9635,3.8515,3.9205,3.78,3.8515,-0.0715,True,B_aliphatic_gatekeeper,Purpureocillium lavendulum,Type iii polyketide synthase
A0A9Q8QUG0,tr|A0A9Q8QUG0|A0A9Q8QUG0_9HYPO,3.7673,4.1058,3.9507,3.8387,3.9078,3.7673,3.8387,-0.0715,True,B_aliphatic_gatekeeper,Purpureocillium takamizusanense,Type III polyketide synthase
A0ABR0BK30,tr|A0ABR0BK30|A0ABR0BK30_PURLI,3.6992,4.0378,3.8827,3.7707,3.8397,3.6992,3.7707,-0.0715,True,B_aliphatic_gatekeeper,Purpureocillium lilacinum,Chalcone synthase
A0ABR3AFA6,tr|A0ABR3AFA6|A0ABR3AFA6_9AGAR,3.5581,3.8967,3.7416,3.6296,3.6986,3.5581,3.6296,-0.0715,True,B_aliphatic_gatekeeper,Marasmius tenuissimus,Chalcone synthase
A0A136JJJ2,tr|A0A136JJJ2|A0A136JJJ2_9PEZI,3.3376,3.6761,3.521,3.409,3.4781,3.3376,3.409,-0.0715,True,B_aliphatic_gatekeeper,Microdochium bolleyi,Chalcone and stilbene synthase
A0A9P8YIF2,tr|A0A9P8YIF2|A0A9P8YIF2_9PEZI,3.3233,3.6619,3.5068,3.3948,3.4638,3.3233,3.3948,-0.0715,True,B_aliphatic_gatekeeper,Microdochium trichocladiopsis,Chalcone and stilbene synthase domain-containing protein
A0A136IT12,tr|A0A136IT12|A0A136IT12_9PEZI,3.6212,3.9598,3.8047,3.6927,3.7618,3.6212,3.6927,-0.0715,True,B_aliphatic_gatekeeper,Microdochium bolleyi,Type Iii polyketide synthase
A0A9P9BM44,tr|A0A9P9BM44|A0A9P9BM44_9PEZI,3.6323,3.9709,3.8158,3.7038,3.7729,3.6323,3.7038,-0.0715,True,B_aliphatic_gatekeeper,Microdochium trichocladiopsis,Chalcone and stilbene synthase domain-containing protein
A0A437A2Z4,tr|A0A437A2Z4|A0A437A2Z4_ARTFL,3.4104,3.749,3.5939,3.4819,3.5509,3.4104,3.4819,-0.0715,False,D_broken_triad,Arthrobotrys flagrans,Chalcone/stilbene synthase N-terminal domain-containing protein
A0AAN8MZK4,tr|A0AAN8MZK4|A0AAN8MZK4_9PEZI,3.4145,3.7531,3.598,3.486,3.555,3.4145,3.486,-0.0715,True,B_aliphatic_gatekeeper,Orbilia javanica,Thiolase-like protein
A0AAN8NJ55,tr|A0AAN8NJ55|A0AAN8NJ55_9PEZI,3.4459,3.7844,3.6293,3.5173,3.5864,3.4459,3.5173,-0.0715,True,B_aliphatic_gatekeeper,Arthrobotrys conoides,Thiolase-like protein
G1X3L4,tr|G1X3L4|G1X3L4_ARTOA,3.4425,3.7811,3.626,3.514,3.5831,3.4425,3.514,-0.0715,True,B_aliphatic_gatekeeper,Arthrobotrys oligospora (strain ATCC 24927 / CBS 115.81 / DSM 1491),Type III Polyketide synthases (Type III PKS)
A0AAV9V8E7,tr|A0AAV9V8E7|A0AAV9V8E7_9PEZI,3.4981,3.8367,3.6816,3.5696,3.6387,3.4981,3.5696,-0.0715,True,B_aliphatic_gatekeeper,Orbilia blumenaviensis,Chalcone synthase
A0AAV9W576,tr|A0AAV9W576|A0AAV9W576_9PEZI,3.4228,3.7613,3.6062,3.4942,3.5633,3.4228,3.4942,-0.0715,True,B_aliphatic_gatekeeper,Arthrobotrys musiformis,Thiolase-like protein
A0AAD6J3S1,tr|A0AAD6J3S1|A0AAD6J3S1_DREDA,3.5289,3.8674,3.7124,3.6004,3.6694,3.5289,3.6004,-0.0715,True,B_aliphatic_gatekeeper,Drechslerella dactyloides,Uncharacterized protein
A0AAV9UJZ3,tr|A0AAV9UJZ3|A0AAV9UJZ3_9PEZI,3.471,3.8096,3.6545,3.5425,3.6116,3.471,3.5425,-0.0715,True,B_aliphatic_gatekeeper,Orbilia brochopaga,Thiolase-like protein
A0AAV9XNL7,tr|A0AAV9XNL7|A0AAV9XNL7_9PEZI,3.3942,3.7328,3.5777,3.4657,3.5347,3.3942,3.4657,-0.0715,True,B_aliphatic_gatekeeper,Orbilia ellipsospora,Thiolase-like protein
S8BVV0,tr|S8BVV0|S8BVV0_DACHA,3.4156,3.7541,3.599,3.487,3.5561,3.4156,3.487,-0.0715,True,B_aliphatic_gatekeeper,Dactylellina haptotyla (strain CBS 200.50),Chalcone/stilbene synthase N-terminal domain-containing protein
A0A9P3L7D7,tr|A0A9P3L7D7|A0A9P3L7D7_9APHY,3.2596,3.5982,3.4431,3.3311,3.4002,3.2596,3.3311,-0.0715,True,B_aliphatic_gatekeeper,Phanerochaete sordida,Chalcone synthase
A0A145YFN8,tr|A0A145YFN8|A0A145YFN8_9BASI,3.3309,3.6694,3.5143,3.4023,3.4714,3.3309,3.4023,-0.0715,True,B_aliphatic_gatekeeper,Sporotrichum laxum,Type III polyketide synthase
K5X979,tr|K5X979|K5X979_PHACS,3.2472,3.5858,3.4307,3.3187,3.3877,3.2472,3.3187,-0.0715,True,B_aliphatic_gatekeeper,Phanerochaete carnosa (strain HHB-10118-sp),Chalcone synthase
A0A2R6NMC4,tr|A0A2R6NMC4|A0A2R6NMC4_9APHY,3.1598,3.4984,3.3433,3.2313,3.3003,3.1598,3.2313,-0.0715,True,B_aliphatic_gatekeeper,Hermanssonia centrifuga,Chalcone synthase
A0ACC1TE54,tr|A0ACC1TE54|A0ACC1TE54_9APHY,3.1719,3.5105,3.3554,3.2434,3.3124,3.1719,3.2434,-0.0715,True,B_aliphatic_gatekeeper,Phlebia brevispora,Uncharacterized protein
A0A2R6NM78,tr|A0A2R6NM78|A0A2R6NM78_9APHY,3.0647,3.4033,3.2482,3.1362,3.2052,3.0647,3.1362,-0.0715,True,B_aliphatic_gatekeeper,Hermanssonia centrifuga,Chalcone synthase
K5V9D4,tr|K5V9D4|K5V9D4_PHACS,3.3815,3.72,3.5649,3.4529,3.522,3.3815,3.4529,-0.0715,True,B_aliphatic_gatekeeper,Phanerochaete carnosa (strain HHB-10118-sp),Chalcone synthase
A0A145YFY3,tr|A0A145YFY3|A0A145YFY3_9BASI,3.2738,3.6124,3.4573,3.3453,3.4143,3.2738,3.3453,-0.0715,True,B_aliphatic_gatekeeper,Sporotrichum laxum,Type III polyketide synthase
A0A9P3L7Y5,tr|A0A9P3L7Y5|A0A9P3L7Y5_9APHY,3.3942,3.7327,3.5776,3.4656,3.5347,3.3942,3.4656,-0.0715,True,B_aliphatic_gatekeeper,Phanerochaete sordida,Type III polyketide synthase
A0A4S3J2Q2,tr|A0A4S3J2Q2|A0A4S3J2Q2_9EURO,3.259,3.5976,3.4425,3.3305,3.3995,3.259,3.3305,-0.0715,True,A_HvCHS2_pattern(I265),Aspergillus tanneri,Chalcone/stilbene synthase N-terminal domain-containing protein
A0A5N5WIJ4,tr|A0A5N5WIJ4|A0A5N5WIJ4_9EURO,3.3635,3.7021,3.547,3.435,3.504,3.3635,3.435,-0.0715,True,A_HvCHS2_pattern(I265),Aspergillus leporis,Thiolase-like protein
A0A2G7FEY6,tr|A0A2G7FEY6|A0A2G7FEY6_9EURO,3.4313,3.7699,3.6148,3.5028,3.5719,3.4313,3.5028,-0.0715,True,A_HvCHS2_pattern(I265),Aspergillus arachidicola,Chalcone synthase
A0A7U2R353,tr|A0A7U2R353|A0A7U2R353_ASPFN,3.4172,3.7557,3.6007,3.4887,3.5577,3.4172,3.4887,-0.0715,True,A_HvCHS2_pattern(I265),Aspergillus flavus (strain ATCC 200026 / FGSC A1120 / IAM 13836 / NRRL 3357 / JCM 12722 / SRRC 167),Thiolase-like protein
A0ABQ6L474,tr|A0ABQ6L474|A0ABQ6L474_ASPOZ,3.4392,3.7777,3.6226,3.5106,3.5797,3.4392,3.5106,-0.0715,True,A_HvCHS2_pattern(I265),Aspergillus oryzae var. brunneus,Unnamed protein product
A0A0L1J3G7,tr|A0A0L1J3G7|A0A0L1J3G7_ASPN3,3.513,3.8515,3.6964,3.5844,3.6535,3.513,3.5844,-0.0715,True,A_HvCHS2_pattern(I265),Aspergillus nomiae NRRL (strain ATCC 15546 / NRRL 13137 / CBS 260.88 / M93),Chalcone synthase
A0A1F7ZX70,tr|A0A1F7ZX70|A0A1F7ZX70_9EURO,3.525,3.8636,3.7085,3.5965,3.6655,3.525,3.5965,-0.0715,True,A_HvCHS2_pattern(I265),Aspergillus bombycis,Chalcone synthase
A0A1Q5UH31,tr|A0A1Q5UH31|A0A1Q5UH31_9EURO,3.0906,3.4291,3.274,3.162,3.2311,3.0906,3.162,-0.0715,True,A_HvCHS2_pattern(I265),Penicillium subrubescens,Chalcone synthase 1B
A0AAD6CA57,tr|A0AAD6CA57|A0AAD6CA57_9EURO,3.085,3.4235,3.2685,3.1565,3.2255,3.085,3.1565,-0.0715,True,A_HvCHS2_pattern(I265),Penicillium daleae,Chalcone synthase
A0A5N7B7K2,tr|A0A5N7B7K2|A0A5N7B7K2_9EURO,3.4995,3.838,3.6829,3.571,3.64,3.4995,3.571,-0.0715,True,A_HvCHS2_pattern(I265),Aspergillus bertholletiae,Thiolase-like protein
A0A0L1JI55,tr|A0A0L1JI55|A0A0L1JI55_ASPN3,3.5416,3.8801,3.725,3.613,3.6821,3.5416,3.613,-0.0715,True,A_HvCHS2_pattern(I265),Aspergillus nomiae NRRL (strain ATCC 15546 / NRRL 13137 / CBS 260.88 / M93),Putative chalcone synthase
A0A1F7ZP32,tr|A0A1F7ZP32|A0A1F7ZP32_9EURO,3.5099,3.8485,3.6934,3.5814,3.6504,3.5099,3.5814,-0.0715,True,A_HvCHS2_pattern(I265),Aspergillus bombycis,Putative chalcone synthase
A0A2G7GAE9,tr|A0A2G7GAE9|A0A2G7GAE9_9EURO,3.5042,3.8428,3.6877,3.5757,3.6447,3.5042,3.5757,-0.0715,True,A_HvCHS2_pattern(I265),Aspergillus arachidicola,Chalcone synthase
A0A5N6IP24,tr|A0A5N6IP24|A0A5N6IP24_9EURO,3.5215,3.86,3.705,3.593,3.662,3.5215,3.593,-0.0715,True,A_HvCHS2_pattern(I265),Aspergillus minisclerotigenes,Thiolase-like protein
A0ABQ6LE57,tr|A0ABQ6LE57|A0ABQ6LE57_ASPOZ,3.5365,3.875,3.7199,3.6079,3.677,3.5365,3.6079,-0.0715,False,D_broken_triad,Aspergillus oryzae var. brunneus,Unnamed protein product
A0A5N6ZX19,tr|A0A5N6ZX19|A0A5N6ZX19_9EURO,3.5488,3.8873,3.7322,3.6202,3.6893,3.5488,3.6202,-0.0715,True,A_HvCHS2_pattern(I265),Aspergillus caelatus,Thiolase-like protein
A0A5N6T220,tr|A0A5N6T220|A0A5N6T220_ASPPS,3.5481,3.8867,3.7316,3.6196,3.6887,3.5481,3.6196,-0.0715,True,A_HvCHS2_pattern(I265),Aspergillus pseudotamarii,Thiolase-like protein
A0A5N6USH5,tr|A0A5N6USH5|A0A5N6USH5_ASPTM,3.5725,3.911,3.756,3.644,3.713,3.5725,3.644,-0.0715,True,A_HvCHS2_pattern(I265),Aspergillus tamarii,Thiolase-like protein
S8AYV8,tr|S8AYV8|S8AYV8_PENO1,3.7475,4.0861,3.931,3.819,3.888,3.7475,3.819,-0.0715,True,A_HvCHS2_pattern(I265),Penicillium oxalicum (strain 114-2 / CGMCC 5302),Uncharacterized protein
A0A9W9VRL8,tr|A0A9W9VRL8|A0A9W9VRL8_9EURO,3.6644,4.003,3.8479,3.7359,3.8049,3.6644,3.7359,-0.0715,True,A_HvCHS2_pattern(I265),Penicillium cosmopolitanum,Thiolase-like protein
A0A0F7TBQ5,tr|A0A0F7TBQ5|A0A0F7TBQ5_PENBI,3.5656,3.9042,3.7491,3.6371,3.7062,3.5656,3.6371,-0.0715,True,A_HvCHS2_pattern(I265),Penicillium brasilianum,Chalcone synthase
A0A9W9V119,tr|A0A9W9V119|A0A9W9V119_9EURO,3.5501,3.8887,3.7336,3.6216,3.6906,3.5501,3.6216,-0.0715,True,A_HvCHS2_pattern(I265),Penicillium cataractarum,Thiolase-like protein
A0A5N6TB57,tr|A0A5N6TB57|A0A5N6TB57_ASPPS,3.3111,3.6496,3.4945,3.3825,3.4516,3.3111,3.3825,-0.0715,True,A_HvCHS2_pattern(I265),Aspergillus pseudotamarii,Thiolase-like protein
A0A5N7CXL2,tr|A0A5N7CXL2|A0A5N7CXL2_9EURO,3.2746,3.6131,3.458,3.346,3.4151,3.2746,3.346,-0.0715,True,A_HvCHS2_pattern(I265),Aspergillus pseudonomiae,Thiolase-like protein
A0A5N6V0I9,tr|A0A5N6V0I9|A0A5N6V0I9_ASPTM,3.4706,3.8091,3.6541,3.5421,3.6111,3.4706,3.5421,-0.0715,True,A_HvCHS2_pattern(I265),Aspergillus tamarii,Thiolase-like protein
A0A5N6W9V2,tr|A0A5N6W9V2|A0A5N6W9V2_9EURO,3.4749,3.8134,3.6584,3.5464,3.6154,3.4749,3.5464,-0.0715,True,A_HvCHS2_pattern(I265),Aspergillus transmontanensis,Thiolase-like protein
A0ABQ6KH95,tr|A0ABQ6KH95|A0ABQ6KH95_ASPOZ,3.5605,3.8991,3.744,3.632,3.701,3.5605,3.632,-0.0715,True,A_HvCHS2_pattern(I265),Aspergillus oryzae var. brunneus,Unnamed protein product
Q2U852,sp|Q2U852|CSYB_ASPOR,3.5,3.8386,3.6835,3.5715,3.6406,3.5,3.5715,-0.0715,True,A_HvCHS2_pattern(I265),Aspergillus oryzae (strain ATCC 42149 / RIB 40),Acylalkylpyrone synthase csyB
A0A5N6ZPA6,tr|A0A5N6ZPA6|A0A5N6ZPA6_9EURO,3.7385,4.077,3.922,3.81,3.879,3.7385,3.81,-0.0715,False,D_broken_triad,Aspergillus caelatus,Thiolase-like protein
A0ABQ6L6I0,tr|A0ABQ6L6I0|A0ABQ6L6I0_ASPOZ,3.8609,4.1994,4.0444,3.9324,4.0014,3.8609,3.9324,-0.0715,False,D_broken_triad,Aspergillus oryzae var. brunneus,Unnamed protein product
Q53U81,tr|Q53U81|Q53U81_ASPOZ,3.8223,4.1608,4.0058,3.8938,3.9628,3.8223,3.8938,-0.0715,False,D_broken_triad,Aspergillus oryzae,Uncharacterized protein csyD
A0A5N6EYH2,tr|A0A5N6EYH2|A0A5N6EYH2_9EURO,3.8101,4.1486,3.9936,3.8816,3.9506,3.8101,3.8816,-0.0715,False,D_broken_triad,Aspergillus novoparasiticus,Thiolase-like protein
A0A2G7ELQ8,tr|A0A2G7ELQ8|A0A2G7ELQ8_9EURO,3.8466,4.1851,4.03,3.918,3.9871,3.8466,3.918,-0.0715,False,D_broken_triad,Aspergillus arachidicola,Chalcone/stilbene synthase N-terminal domain-containing protein
A0A0L1J6S3,tr|A0A0L1J6S3|A0A0L1J6S3_ASPN3,3.824,4.1626,4.0075,3.8955,3.9645,3.824,3.8955,-0.0715,False,D_broken_triad,Aspergillus nomiae NRRL (strain ATCC 15546 / NRRL 13137 / CBS 260.88 / M93),Thiolase-like protein (Fragment)
A0A1F7ZN65,tr|A0A1F7ZN65|A0A1F7ZN65_9EURO,3.7462,4.0847,3.9297,3.8177,3.8867,3.7462,3.8177,-0.0715,False,D_broken_triad,Aspergillus bombycis,Thiolase-like protein
A0A5N7BAZ4,tr|A0A5N7BAZ4|A0A5N7BAZ4_9EURO,3.9188,4.2574,4.1023,3.9903,4.0593,3.9188,3.9903,-0.0715,False,D_broken_triad,Aspergillus bertholletiae,Thiolase-like protein
A0A3N4IBC5,tr|A0A3N4IBC5|A0A3N4IBC5_ASCIM,3.5566,3.8951,3.74,3.628,3.6971,3.5566,3.628,-0.0715,True,B_aliphatic_gatekeeper,Ascobolus immersus RN42,Thiolase-like protein
A0AAJ0GJ08,tr|A0AAJ0GJ08|A0AAJ0GJ08_9PEZI,3.5866,3.9252,3.7701,3.6581,3.7272,3.5866,3.6581,-0.0715,True,B_aliphatic_gatekeeper,Extremus antarcticus,Type III polyketide synthase
A0ACC0TQK0,tr|A0ACC0TQK0|A0ACC0TQK0_9AGAM,3.6289,3.9675,3.8124,3.7004,3.7694,3.6289,3.7004,-0.0715,True,B_aliphatic_gatekeeper,Russula earlei,Naringenin-chalcone synthase
A0A0F7ZWY9,tr|A0A0F7ZWY9|A0A0F7ZWY9_9HYPO,3.6786,4.0171,3.862,3.75,3.8191,3.6786,3.75,-0.0715,True,B_aliphatic_gatekeeper,Hirsutella minnesotensis 3608,Alpha-pyrone synthesis polyketide synthase-like Pks18
A0A9W9LX41,tr|A0A9W9LX41|A0A9W9LX41_9EURO,3.9521,4.2906,4.1355,4.0235,4.0926,3.9521,4.0235,-0.0715,True,B_aliphatic_gatekeeper,Penicillium capsulatum,Type III Polyketide synthases (Type III PKS)
A0A0F7ZVP0,tr|A0A0F7ZVP0|A0A0F7ZVP0_9HYPO,3.7962,4.1347,3.9796,3.8676,3.9367,3.7962,3.8676,-0.0715,True,B_aliphatic_gatekeeper,Hirsutella minnesotensis 3608,Alpha-pyrone synthesis polyketide synthase-like Pks18
A0AAJ0CFW4,tr|A0AAJ0CFW4|A0AAJ0CFW4_9HYPO,3.8017,4.1402,3.9851,3.8731,3.9422,3.8017,3.8731,-0.0715,True,B_aliphatic_gatekeeper,Conoideocrella luteorostrata,"Chalcone and stilbene synthase, C-terminal domain"
A0A9P9DC98,tr|A0A9P9DC98|A0A9P9DC98_9HYPO,3.7283,4.0668,3.9117,3.7997,3.8688,3.7283,3.7997,-0.0715,True,B_aliphatic_gatekeeper,Dactylonectria estremocensis,Chalcone/stilbene synthase
A0A9P9J4G7,tr|A0A9P9J4G7|A0A9P9J4G7_9HYPO,3.7253,4.0639,3.9088,3.7968,3.8658,3.7253,3.7968,-0.0715,True,B_aliphatic_gatekeeper,Dactylonectria macrodidyma,Thiolase-like protein
A0A4S3JIC4,tr|A0A4S3JIC4|A0A4S3JIC4_9EURO,3.7214,4.0599,3.9048,3.7929,3.8619,3.7214,3.7929,-0.0715,True,B_aliphatic_gatekeeper,Aspergillus tanneri,Type III Polyketide synthases (Type III PKS)
A0AAN6MYE3,tr|A0AAN6MYE3|A0AAN6MYE3_9PEZI,3.4221,3.7606,3.6055,3.4935,3.5626,3.4221,3.4935,-0.0715,True,B_aliphatic_gatekeeper,Diplogelasinospora grovesii,Alpha-pyrone synthesis polyketide synthase-like Pks18
A0AAJ0BG24,tr|A0AAJ0BG24|A0AAJ0BG24_9PEZI,3.5964,3.935,3.7799,3.6679,3.7369,3.5964,3.6679,-0.0715,True,B_aliphatic_gatekeeper,Echria macrotheca,Alpha-pyrone synthesis polyketide synthase-like Pks18
A0AAN7B2Z0,tr|A0AAN7B2Z0|A0AAN7B2Z0_9PEZI,3.8846,4.2231,4.068,3.9561,4.0251,3.8846,3.9561,-0.0715,True,B_aliphatic_gatekeeper,Rhypophila decipiens,Thiolase-like protein
A0AA39XCD2,tr|A0AA39XCD2|A0AA39XCD2_9PEZI,3.858,4.1965,4.0415,3.9295,3.9985,3.858,3.9295,-0.0715,True,B_aliphatic_gatekeeper,Bombardia bombarda,Thiolase-like protein
M5FQY3,tr|M5FQY3|M5FQY3_DACPD,3.072,3.4105,3.2554,3.1434,3.2125,3.072,3.1434,-0.0715,True,B_aliphatic_gatekeeper,Dacryopinax primogenitus,Thiolase-like protein (Fragment)
A0A165HS99,tr|A0A165HS99|A0A165HS99_9BASI,3.2976,3.6361,3.481,3.369,3.4381,3.2976,3.369,-0.0715,True,B_aliphatic_gatekeeper,Calocera cornea HHB12733,Thiolase-like protein
A0A167LZZ0,tr|A0A167LZZ0|A0A167LZZ0_CALVF,3.2653,3.6039,3.4488,3.3368,3.4058,3.2653,3.3368,-0.0715,True,B_aliphatic_gatekeeper,Calocera viscosa (strain TUFC12733),Thiolase-like protein
A0A8K0NPA6,tr|A0A8K0NPA6|A0A8K0NPA6_9TREE,3.4978,3.8364,3.6813,3.5693,3.6383,3.4978,3.5693,-0.0715,True,A_HvCHS2_pattern(I265),Filobasidium floriforme,Thiolase-like protein
A0ACC2WCV7,tr|A0ACC2WCV7|A0ACC2WCV7_9TREE,3.6139,3.9525,3.7974,3.6854,3.7544,3.6139,3.6854,-0.0715,True,A_HvCHS2_pattern(I265),Naganishia friedmannii,Uncharacterized protein
A0ACC2XXF6,tr|A0ACC2XXF6|A0ACC2XXF6_9TREE,3.6654,4.004,3.8489,3.7369,3.806,3.6654,3.7369,-0.0715,True,A_HvCHS2_pattern(I265),Naganishia onofrii,Chalcone/stilbene synthase C-terminal domain-containing protein
A0ACC2XS98,tr|A0ACC2XS98|A0ACC2XS98_9TREE,3.6515,3.9901,3.835,3.723,3.792,3.6515,3.723,-0.0715,True,A_HvCHS2_pattern(I265),Naganishia vaughanmartiniae,Chalcone/stilbene synthase C-terminal domain-containing protein
A0A8H3TS81,tr|A0A8H3TS81|A0A8H3TS81_9TREE,3.7688,4.1073,3.9522,3.8402,3.9093,3.7688,3.8402,-0.0715,True,A_HvCHS2_pattern(I265),Naganishia liquefaciens,Type III polyketide synthase
A0A889ZF18,tr|A0A889ZF18|A0A889ZF18_9TREE,3.668,4.0066,3.8515,3.7395,3.8086,3.668,3.7395,-0.0715,True,A_HvCHS2_pattern(I265),Naganishia uzbekistanensis,PKSIII
A0ACC2VE90,tr|A0ACC2VE90|A0ACC2VE90_9TREE,3.7369,4.0755,3.9204,3.8084,3.8774,3.7369,3.8084,-0.0715,False,D_broken_triad,Naganishia adeliensis,Chalcone/stilbene synthase N-terminal domain-containing protein
A0AAD6V8Q3,tr|A0AAD6V8Q3|A0AAD6V8Q3_9AGAR,3.3104,3.6489,3.4939,3.3819,3.4509,3.3104,3.3819,-0.0715,True,B_aliphatic_gatekeeper,Mycena pura,Type Iii polyketide Synthase
A0AAD6VAS7,tr|A0AAD6VAS7|A0AAD6VAS7_9AGAR,3.2441,3.5827,3.4276,3.3156,3.3846,3.2441,3.3156,-0.0715,True,C_aromatic_gatekeeper(classicCHS-like),Mycena pura,Type Iii polyketide Synthase
A0AAD2HHH8,tr|A0AAD2HHH8|A0AAD2HHH8_9AGAR,3.5103,3.8489,3.6938,3.5818,3.6508,3.5103,3.5818,-0.0715,True,B_aliphatic_gatekeeper,Mycena citricolor,Chalcone synthase
A0AAD2K853,tr|A0AAD2K853|A0AAD2K853_9AGAR,3.3429,3.6815,3.5264,3.4144,3.4835,3.3429,3.4144,-0.0715,True,B_aliphatic_gatekeeper,Mycena citricolor,Chalcone synthase
A0A8H7D3J6,tr|A0A8H7D3J6|A0A8H7D3J6_9AGAR,3.3266,3.6651,3.51,3.398,3.4671,3.3266,3.398,-0.0715,True,B_aliphatic_gatekeeper,Mycena sanguinolenta,Chalcone synthase
A0AAD7AQX4,tr|A0AAD7AQX4|A0AAD7AQX4_9AGAR,3.2764,3.6149,3.4598,3.3478,3.4169,3.2764,3.3478,-0.0715,True,B_aliphatic_gatekeeper,Mycena albidolilacea,Type Iii polyketide Synthase
A0AAD6TW98,tr|A0AAD6TW98|A0AAD6TW98_9AGAR,3.5736,3.9121,3.757,3.645,3.7141,3.5736,3.645,-0.0715,True,B_aliphatic_gatekeeper,Mycena belliarum,Thiolase-like protein
A0AAD6XS82,tr|A0AAD6XS82|A0AAD6XS82_9AGAR,3.4625,3.801,3.6459,3.5339,3.603,3.4625,3.5339,-0.0715,True,B_aliphatic_gatekeeper,Mycena belliarum,Type Iii polyketide Synthase
A0AAD7GCC2,tr|A0AAD7GCC2|A0AAD7GCC2_MYCRO,3.3803,3.7188,3.5637,3.4517,3.5208,3.3803,3.4517,-0.0715,True,B_aliphatic_gatekeeper,Mycena rosella,Polyketide synthase
A0A8H7DBF6,tr|A0A8H7DBF6|A0A8H7DBF6_9AGAR,3.395,3.7335,3.5785,3.4665,3.5355,3.395,3.4665,-0.0715,True,B_aliphatic_gatekeeper,Mycena venus,Chalcone synthase
A0A8H7D0J3,tr|A0A8H7D0J3|A0A8H7D0J3_9AGAR,3.4329,3.7714,3.6164,3.5044,3.5734,3.4329,3.5044,-0.0715,True,B_aliphatic_gatekeeper,Mycena sanguinolenta,Chalcone synthase
A0A8H6YAK7,tr|A0A8H6YAK7|A0A8H6YAK7_9AGAR,3.5638,3.9024,3.7473,3.6353,3.7043,3.5638,3.6353,-0.0715,True,B_aliphatic_gatekeeper,Mycena sanguinolenta,Type III polyketide synthase
A0AAD7MQF2,tr|A0AAD7MQF2|A0AAD7MQF2_9AGAR,3.2959,3.6344,3.4794,3.3674,3.4364,3.2959,3.3674,-0.0715,True,B_aliphatic_gatekeeper,Mycena metata,Type Iii polyketide Synthase
A0AAD6YJJ8,tr|A0AAD6YJJ8|A0AAD6YJJ8_9AGAR,3.5706,3.9092,3.7541,3.6421,3.7112,3.5706,3.6421,-0.0715,True,A_HvCHS2_pattern(I265),Mycena pura,Type Iii polyketide Synthase
A0AAD7E1R3,tr|A0AAD7E1R3|A0AAD7E1R3_9AGAR,3.559,3.8976,3.7425,3.6305,3.6995,3.559,3.6305,-0.0715,True,A_HvCHS2_pattern(I265),Mycena pura,Type Iii polyketide Synthase
A0AAD7FUW0,tr|A0AAD7FUW0|A0AAD7FUW0_9AGAR,3.6058,3.9444,3.7893,3.6773,3.7463,3.6058,3.6773,-0.0715,True,C_other,Roridomyces roridus,Type Iii polyketide Synthase (Fragment)
A0AAD7JK17,tr|A0AAD7JK17|A0AAD7JK17_9AGAR,3.4195,3.7581,3.603,3.491,3.56,3.4195,3.491,-0.0715,True,A_HvCHS2_pattern(I265),Mycena maculata,Chalcone synthase
A0ABR0JF95,tr|A0ABR0JF95|A0ABR0JF95_9EURO,3.6124,3.951,3.7959,3.6839,3.7529,3.6124,3.6839,-0.0715,True,B_aliphatic_gatekeeper,Exophiala sideris,Chalcone synthase
A0A4Z0YH81,tr|A0A4Z0YH81|A0A4Z0YH81_9PEZI,4.0499,4.3884,4.2334,4.1214,4.1904,4.0499,4.1214,-0.0715,True,B_aliphatic_gatekeeper,Xylaria hypoxylon,Chalcone synthase
A0A439DKJ4,tr|A0A439DKJ4|A0A439DKJ4_9PEZI,4.0993,4.4379,4.2828,4.1708,4.2398,4.0993,4.1708,-0.0715,True,B_aliphatic_gatekeeper,Xylaria grammica,Chalcone synthase
A0A7C8IFZ2,tr|A0A7C8IFZ2|A0A7C8IFZ2_9PEZI,4.0896,4.4282,4.2731,4.1611,4.2301,4.0896,4.1611,-0.0715,True,B_aliphatic_gatekeeper,Xylaria multiplex,Chalcone synthase
A0A9W8TJ25,tr|A0A9W8TJ25|A0A9W8TJ25_9PEZI,4.1303,4.4689,4.3138,4.2018,4.2708,4.1303,4.2018,-0.0715,True,B_aliphatic_gatekeeper,Xylaria arbuscula,Chalcone synthase B
A0AAN7UGM4,tr|A0AAN7UGM4|A0AAN7UGM4_9PEZI,4.1847,4.5232,4.3682,4.2562,4.3252,4.1847,4.2562,-0.0715,True,B_aliphatic_gatekeeper,Xylaria bambusicola,Chalcone synthase B
A0A553HLF1,tr|A0A553HLF1|A0A553HLF1_9PEZI,4.116,4.4545,4.2994,4.1874,4.2565,4.116,4.1874,-0.0715,True,B_aliphatic_gatekeeper,Xylaria flabelliformis,Chalcone synthase
A0A1W2TQJ5,tr|A0A1W2TQJ5|A0A1W2TQJ5_ROSNE,4.1528,4.4914,4.3363,4.2243,4.2933,4.1528,4.2243,-0.0715,True,B_aliphatic_gatekeeper,Rosellinia necatrix,Chalcone synthase B
A0ACC2JXP6,tr|A0ACC2JXP6|A0ACC2JXP6_9PEZI,4.1442,4.4828,4.3277,4.2157,4.2847,4.1442,4.2157,-0.0715,True,B_aliphatic_gatekeeper,Lasiodiplodia mahajangana,Uncharacterized protein
A0A6A6H916,tr|A0A6A6H916|A0A6A6H916_VIRVR,4.1553,4.4939,4.3388,4.2268,4.2958,4.1553,4.2268,-0.0715,True,B_aliphatic_gatekeeper,Viridothelium virens,Thiolase-like protein
A0A5N6VBQ0,tr|A0A5N6VBQ0|A0A5N6VBQ0_ASPTM,4.0415,4.38,4.2249,4.1129,4.182,4.0415,4.1129,-0.0715,True,B_aliphatic_gatekeeper,Aspergillus tamarii,Chalcone synthase B
A0A5N6SV38,tr|A0A5N6SV38|A0A5N6SV38_ASPPS,4.0923,4.4308,4.2758,4.1638,4.2328,4.0923,4.1638,-0.0715,True,B_aliphatic_gatekeeper,Aspergillus pseudotamarii,Chalcone synthase B
A0A5N6X0E9,tr|A0A5N6X0E9|A0A5N6X0E9_9EURO,4.1476,4.4861,4.331,4.219,4.2881,4.1476,4.219,-0.0715,False,D_broken_triad,Aspergillus sergii,Thiolase-like protein
A0A5N7ANY5,tr|A0A5N7ANY5|A0A5N7ANY5_9EURO,4.08,4.4186,4.2635,4.1515,4.2205,4.08,4.1515,-0.0715,True,B_aliphatic_gatekeeper,Aspergillus caelatus,Chalcone synthase B
A0A395HWD7,tr|A0A395HWD7|A0A395HWD7_ASPHC,4.4108,4.7494,4.5943,4.4823,4.5513,4.4108,4.4823,-0.0715,True,B_aliphatic_gatekeeper,Aspergillus homomorphus (strain CBS 101889),Thiolase-like protein
A0A319C6Z2,tr|A0A319C6Z2|A0A319C6Z2_9EURO,4.5315,4.87,4.7149,4.6029,4.672,4.5315,4.6029,-0.0715,True,B_aliphatic_gatekeeper,Aspergillus uvarum CBS 121591,Thiolase-like protein
A0A2V5HK67,tr|A0A2V5HK67|A0A2V5HK67_9EURO,4.5503,4.8888,4.7337,4.6217,4.6908,4.5503,4.6217,-0.0715,True,B_aliphatic_gatekeeper,Aspergillus indologenus CBS 114.80,Thiolase-like protein (Fragment)
A0A2V5I787,tr|A0A2V5I787|A0A2V5I787_ASPV1,4.5569,4.8955,4.7404,4.6284,4.6974,4.5569,4.6284,-0.0715,True,B_aliphatic_gatekeeper,Aspergillus violaceofuscus (strain CBS 115571),Thiolase-like protein
A0A1L9WIG9,tr|A0A1L9WIG9|A0A1L9WIG9_ASPA1,4.6545,4.9931,4.838,4.726,4.795,4.6545,4.726,-0.0715,True,B_aliphatic_gatekeeper,Aspergillus aculeatus (strain ATCC 16872 / CBS 172.66 / WB 5094),Thiolase-like protein
A0A8G1RYW8,tr|A0A8G1RYW8|A0A8G1RYW8_9EURO,4.5915,4.93,4.775,4.663,4.732,4.5915,4.663,-0.0715,True,B_aliphatic_gatekeeper,Aspergillus fijiensis CBS 313.89,Thiolase-like protein
A0A5N5WR41,tr|A0A5N5WR41|A0A5N5WR41_9EURO,4.0282,4.3668,4.2117,4.0997,4.1687,4.0282,4.0997,-0.0715,True,B_aliphatic_gatekeeper,Aspergillus leporis,Chalcone synthase B
A0A2I2GDC6,tr|A0A2I2GDC6|A0A2I2GDC6_9EURO,4.0666,4.4052,4.2501,4.1381,4.2071,4.0666,4.1381,-0.0715,True,B_aliphatic_gatekeeper,Aspergillus steynii IBT 23096,Chalcone synthase B
A0A5N7D7Z4,tr|A0A5N7D7Z4|A0A5N7D7Z4_9EURO,4.0985,4.4371,4.282,4.17,4.239,4.0985,4.17,-0.0715,True,B_aliphatic_gatekeeper,Aspergillus pseudonomiae,Chalcone synthase B
A0A5N6EYA5,tr|A0A5N6EYA5|A0A5N6EYA5_9EURO,4.0855,4.4241,4.269,4.157,4.226,4.0855,4.157,-0.0715,True,B_aliphatic_gatekeeper,Aspergillus novoparasiticus,Chalcone synthase B
A0A5N6VAZ8,tr|A0A5N6VAZ8|A0A5N6VAZ8_ASPTM,4.1062,4.4448,4.2897,4.1777,4.2467,4.1062,4.1777,-0.0715,True,B_aliphatic_gatekeeper,Aspergillus tamarii,Chalcone synthase B
A0ABQ6WZJ6,tr|A0ABQ6WZJ6|A0ABQ6WZJ6_9EURO,4.1285,4.4671,4.312,4.2,4.269,4.1285,4.2,-0.0715,True,B_aliphatic_gatekeeper,Aspergillus pseudocaelatus,Chalcone synthase B
A0AAD6HIV3,tr|A0AAD6HIV3|A0AAD6HIV3_9EURO,4.3161,4.6547,4.4996,4.3876,4.4567,4.3161,4.3876,-0.0715,True,A_HvCHS2_pattern(I265),Penicillium malachiteum,Chalcone synthase B
A0AAD6GJT4,tr|A0AAD6GJT4|A0AAD6GJT4_9EURO,4.2272,4.5658,4.4107,4.2987,4.3677,4.2272,4.2987,-0.0715,True,B_aliphatic_gatekeeper,Penicillium frequentans,Chalcone synthase B
A0AAD6CT85,tr|A0AAD6CT85|A0AAD6CT85_9EURO,4.3134,4.652,4.4969,4.3849,4.454,4.3134,4.3849,-0.0715,False,D_broken_triad,Penicillium frequentans,Chalcone/stilbene synthase N-terminal domain-containing protein
A0A9W9FB46,tr|A0A9W9FB46|A0A9W9FB46_9EURO,4.3163,4.6548,4.4997,4.3877,4.4568,4.3163,4.3877,-0.0715,True,B_aliphatic_gatekeeper,Penicillium angulare,Chalcone synthase B
A0A370P725,tr|A0A370P725|A0A370P725_ASPPH,4.1917,4.5303,4.3752,4.2632,4.3322,4.1917,4.2632,-0.0715,True,A_HvCHS2_pattern(I265),Aspergillus phoenicis ATCC 13157,Thiolase-like protein
A0ACD1IH72,tr|A0ACD1IH72|A0ACD1IH72_9EURO,4.1708,4.5094,4.3543,4.2423,4.3113,4.1708,4.2423,-0.0715,True,A_HvCHS2_pattern(I265),Aspergillus costaricaensis CBS 115574,Thiolase-like protein
A0A1L9UN15,tr|A0A1L9UN15|A0A1L9UN15_ASPBC,4.2462,4.5847,4.4297,4.3177,4.3867,4.2462,4.3177,-0.0715,True,C_aromatic_gatekeeper(classicCHS-like),Aspergillus brasiliensis (strain CBS 101740 / IMI 381727 / IBT 21946),Chalcone synthase
A0A317USQ3,tr|A0A317USQ3|A0A317USQ3_ASPEC,4.2692,4.6077,4.4526,4.3406,4.4097,4.2692,4.3406,-0.0715,True,C_aromatic_gatekeeper(classicCHS-like),Aspergillus eucalypticola (strain CBS 122712 / IBT 29274),Chalcone synthase B
A0A319BDQ7,tr|A0A319BDQ7|A0A319BDQ7_ASPVC,4.2561,4.5947,4.4396,4.3276,4.3966,4.2561,4.3276,-0.0715,True,C_aromatic_gatekeeper(classicCHS-like),Aspergillus vadensis (strain CBS 113365 / IMI 142717 / IBT 24658),Chalcone synthase B
A0A7H8R5X6,tr|A0A7H8R5X6|A0A7H8R5X6_TALRU,4.1996,4.5382,4.3831,4.2711,4.3401,4.1996,4.2711,-0.0715,True,B_aliphatic_gatekeeper,Talaromyces rugulosus,Chalcone/stilbene synthase N-terminal domain-containing protein
A0A2B7Y2N2,tr|A0A2B7Y2N2|A0A2B7Y2N2_9EURO,4.0642,4.4028,4.2477,4.1357,4.2047,4.0642,4.1357,-0.0715,True,C_other,Helicocarpus griseus UAMH5409,Chalcone synthase
A0A9W8U8Q1,tr|A0A9W8U8Q1|A0A9W8U8Q1_9HYPO,4.1551,4.4936,4.3386,4.2266,4.2956,4.1551,4.2266,-0.0715,True,C_other,Fusarium irregulare,Polyketide synthase
A0A8H5NJY9,tr|A0A8H5NJY9|A0A8H5NJY9_9HYPO,4.2356,4.5741,4.419,4.307,4.3761,4.2356,4.307,-0.0715,True,C_other,Fusarium pseudoanthophilum,Chalcone synthase B
A0A8H5MR42,tr|A0A8H5MR42|A0A8H5MR42_9HYPO,4.182,4.5205,4.3654,4.2534,4.3225,4.182,4.2534,-0.0715,True,C_other,Fusarium mexicanum,Chalcone synthase B
A0A8H5KJB0,tr|A0A8H5KJB0|A0A8H5KJB0_9HYPO,4.1684,4.5069,4.3518,4.2398,4.3089,4.1684,4.2398,-0.0715,True,C_other,Fusarium pseudocircinatum,Chalcone synthase B
A0A395RMN0,tr|A0A395RMN0|A0A395RMN0_FUSSP,4.498,4.8365,4.6814,4.5694,4.6385,4.498,4.5694,-0.0715,False,D_broken_triad,Fusarium sporotrichioides,Chalcone synthase b
A0A8H5U7I5,tr|A0A8H5U7I5|A0A8H5U7I5_9HYPO,4.5,4.8385,4.6834,4.5714,4.6405,4.5,4.5714,-0.0715,False,D_broken_triad,Fusarium denticulatum,Chalcone synthase B
A0A1J7I4S7,tr|A0A1J7I4S7|A0A1J7I4S7_9PEZI,4.154,4.4925,4.3375,4.2255,4.2945,4.154,4.2255,-0.0715,True,C_other,Coniochaeta ligniaria NRRL 30616,Thiolase-like protein
A0AA39U5E8,tr|A0AA39U5E8|A0AA39U5E8_9PEZI,4.289,4.6276,4.4725,4.3605,4.4296,4.289,4.3605,-0.0715,False,D_broken_triad,Immersiella caudata,Thiolase-like protein
A0AA39QX65,tr|A0AA39QX65|A0AA39QX65_9LECA,3.7052,4.0438,3.8887,3.7767,3.8458,3.7052,3.7767,-0.0715,True,B_aliphatic_gatekeeper,Cladonia borealis,Uncharacterized protein
A0A2U9QI99,tr|A0A2U9QI99|A0A2U9QI99_9LECA,3.6638,4.0024,3.8473,3.7353,3.8043,3.6638,3.7353,-0.0715,True,B_aliphatic_gatekeeper,Nephromopsis pallescens,Polyketide synthase type III
A0A8H6FA44,tr|A0A8H6FA44|A0A8H6FA44_9LECA,3.644,3.9825,3.8274,3.7154,3.7845,3.644,3.7154,-0.0715,True,B_aliphatic_gatekeeper,Letharia lupina,Uncharacterized protein
A0ABR3ZY90,tr|A0ABR3ZY90|A0ABR3ZY90_9LECA,3.7176,4.0562,3.9011,3.7891,3.8581,3.7176,3.7891,-0.0715,True,B_aliphatic_gatekeeper,Stereocaulon virgatum,Chalcone synthase
A0A8H3J2S8,tr|A0A8H3J2S8|A0A8H3J2S8_9LECA,3.8386,4.1771,4.0221,3.9101,3.9791,3.8386,3.9101,-0.0715,True,B_aliphatic_gatekeeper,Imshaugia aleurites,Chalcone synthase
A0A9P7Z8I8,tr|A0A9P7Z8I8|A0A9P7Z8I8_9HELO,4.1614,4.4999,4.3449,4.2329,4.3019,4.1614,4.2329,-0.0715,False,D_broken_triad,Calycina marina,Chalcone synthase B
A0ABQ8GJ28,tr|A0ABQ8GJ28|A0ABQ8GJ28_9PEZI,3.9181,4.2567,4.1016,3.9896,4.0586,3.9181,3.9896,-0.0715,True,A_HvCHS2_pattern(I265),Macrophomina phaseolina,Chalcone synthase B
A0A1V8TBN8,tr|A0A1V8TBN8|A0A1V8TBN8_9PEZI,4.0789,4.4174,4.2623,4.1503,4.2194,4.0789,4.1503,-0.0715,True,B_aliphatic_gatekeeper,Cryoendolithus antarcticus,Chalcone synthase
A0A2D3V4H2,tr|A0A2D3V4H2|A0A2D3V4H2_9PEZI,3.8722,4.2107,4.0556,3.9436,4.0127,3.8722,3.9436,-0.0715,True,B_aliphatic_gatekeeper,Ramularia collo-cygni,Related to stilbene synthase 2
A0AB34KVQ6,tr|A0AB34KVQ6|A0AB34KVQ6_9PEZI,3.9823,4.3208,4.1657,4.0537,4.1228,3.9823,4.0537,-0.0715,True,B_aliphatic_gatekeeper,Cladosporium halotolerans,Thiolase-like protein
A0A9N8KET3,tr|A0A9N8KET3|A0A9N8KET3_9PEZI,4.2544,4.5929,4.4379,4.3259,4.3949,4.2544,4.3259,-0.0715,True,B_aliphatic_gatekeeper,Aureobasidium uvarum,Chalcone synthase
A0A9N8P5P6,tr|A0A9N8P5P6|A0A9N8P5P6_9PEZI,4.0597,4.3983,4.2432,4.1312,4.2002,4.0597,4.1312,-0.0715,True,B_aliphatic_gatekeeper,Aureobasidium vineae,Chalcone/stilbene synthase C-terminal domain-containing protein
A0A074VBS1,tr|A0A074VBS1|A0A074VBS1_AURM1,4.2611,4.5997,4.4446,4.3326,4.4016,4.2611,4.3326,-0.0715,True,B_aliphatic_gatekeeper,Aureobasidium melanogenum (strain CBS 110374),Chalcone synthase B
A0ABR0TNB7,tr|A0ABR0TNB7|A0ABR0TNB7_AURPU,4.3867,4.7253,4.5702,4.4582,4.5272,4.3867,4.4582,-0.0715,True,B_aliphatic_gatekeeper,Aureobasidium pullulans,Thiolase-like protein
A0A9N8JDK6,tr|A0A9N8JDK6|A0A9N8JDK6_9PEZI,4.2654,4.604,4.4489,4.3369,4.406,4.2654,4.3369,-0.0715,True,B_aliphatic_gatekeeper,Aureobasidium mustum,Chalcone synthase (Fragment)
A0A074W932,tr|A0A074W932|A0A074W932_9PEZI,4.1372,4.4758,4.3207,4.2087,4.2778,4.1372,4.2087,-0.0715,True,B_aliphatic_gatekeeper,Aureobasidium namibiae CBS 147.97,Chalcone synthase B
A0A9P4JIY5,tr|A0A9P4JIY5|A0A9P4JIY5_9PLEO,4.3046,4.6431,4.488,4.376,4.4451,4.3046,4.376,-0.0715,True,B_aliphatic_gatekeeper,Delitschia confertaspora ATCC 74209,Thiolase-like protein
A0AAE0IYT3,tr|A0AAE0IYT3|A0AAE0IYT3_9PEZI,4.1425,4.4811,4.326,4.214,4.283,4.1425,4.214,-0.0715,True,B_aliphatic_gatekeeper,Cercophora scortea,Chalcone synthase B
A0AAE0XFA5,tr|A0AAE0XFA5|A0AAE0XFA5_9PEZI,4.1065,4.445,4.2899,4.1779,4.247,4.1065,4.1779,-0.0715,True,B_aliphatic_gatekeeper,Podospora appendiculata,Chalcone synthase B
A0A4U6XPJ8,tr|A0A4U6XPJ8|A0A4U6XPJ8_9PEZI,4.0771,4.4156,4.2605,4.1485,4.2176,4.0771,4.1485,-0.0715,True,B_aliphatic_gatekeeper,Colletotrichum tanaceti,Phenylpropanoylacetyl-CoA synthase
A0AAX4J4J2,tr|A0AAX4J4J2|A0AAX4J4J2_9PEZI,4.0495,4.388,4.233,4.121,4.19,4.0495,4.121,-0.0715,True,B_aliphatic_gatekeeper,Colletotrichum destructivum,"Chalcone/stilbene synthase, polyketide synthase, type III, thiolase"
A0AAN6MBH1,tr|A0AAN6MBH1|A0AAN6MBH1_9PEZI,4.0736,4.4121,4.257,4.145,4.2141,4.0736,4.145,-0.0715,True,B_aliphatic_gatekeeper,Staphylotrichum tortipilum,Chalcone synthase
A0AA39ZJV5,tr|A0AA39ZJV5|A0AA39ZJV5_9PEZI,4.0372,4.3758,4.2207,4.1087,4.1777,4.0372,4.1087,-0.0715,True,B_aliphatic_gatekeeper,Cercophora samala,Thiolase-like protein
A0AAN6T0C4,tr|A0AAN6T0C4|A0AAN6T0C4_9PEZI,4.1429,4.4815,4.3264,4.2144,4.2834,4.1429,4.2144,-0.0715,True,B_aliphatic_gatekeeper,Parathielavia hyrcaniae,Thiolase-like protein
A0A6P8ASY9,tr|A0A6P8ASY9|A0A6P8ASY9_PYRGI,4.2497,4.5883,4.4332,4.3212,4.3902,4.2497,4.3212,-0.0715,True,B_aliphatic_gatekeeper,Pyricularia grisea,Chalcone synthase
A0ABQ8NQH5,tr|A0ABQ8NQH5|A0ABQ8NQH5_PYRGI,4.2786,4.6172,4.4621,4.3501,4.4191,4.2786,4.3501,-0.0715,True,B_aliphatic_gatekeeper,Pyricularia grisea,Chalcone synthase
A0ABR3W919,tr|A0ABR3W919|A0ABR3W919_9PEZI,4.2895,4.6281,4.473,4.361,4.43,4.2895,4.361,-0.0715,True,B_aliphatic_gatekeeper,Diaporthe australafricana,Chalcone synthase
A0ABR1NRM7,tr|A0ABR1NRM7|A0ABR1NRM7_DIAER,4.2699,4.6085,4.4534,4.3414,4.4104,4.2699,4.3414,-0.0715,True,B_aliphatic_gatekeeper,Diaporthe eres,Chalcone synthase
A0ABR4F1W0,tr|A0ABR4F1W0|A0ABR4F1W0_9PEZI,4.312,4.6505,4.4954,4.3834,4.4525,4.312,4.3834,-0.0715,True,B_aliphatic_gatekeeper,Diaporthe vaccinii,Chalcone synthase
A0A9W4RN00,tr|A0A9W4RN00|A0A9W4RN00_9PEZI,4.5119,4.8505,4.6954,4.5834,4.6524,4.5119,4.5834,-0.0715,True,A_HvCHS2_pattern(I265),Colletotrichum noveboracense,Uncharacterized protein
A0AAD9YRK9,tr|A0AAD9YRK9|A0AAD9YRK9_COLKA,4.5025,4.8411,4.686,4.574,4.643,4.5025,4.574,-0.0715,True,A_HvCHS2_pattern(I265),Colletotrichum kahawae,Chalcone synthase b
A0A8H6IQ33,tr|A0A8H6IQ33|A0A8H6IQ33_9PEZI,4.4986,4.8372,4.6821,4.5701,4.6391,4.4986,4.5701,-0.0715,True,A_HvCHS2_pattern(I265),Colletotrichum sojae,Chalcone synthase B
A0AAX4I6L2,tr|A0AAX4I6L2|A0AAX4I6L2_9PEZI,4.5217,4.8603,4.7052,4.5932,4.6623,4.5217,4.5932,-0.0715,True,A_HvCHS2_pattern(I265),Colletotrichum destructivum,"Chalcone/stilbene synthase, polyketide synthase, type III, thiolase"
A0ACC3YST6,tr|A0ACC3YST6|A0ACC3YST6_COLTU,4.5288,4.8674,4.7123,4.6003,4.6693,4.5288,4.6003,-0.0715,True,A_HvCHS2_pattern(I265),Colletotrichum truncatum,Chalcone synthase B
A0A0C3D9L2,tr|A0A0C3D9L2|A0A0C3D9L2_OIDMZ,4.5848,4.9233,4.7682,4.6562,4.7253,4.5848,4.6562,-0.0715,True,A_HvCHS2_pattern(I265),Oidiodendron maius (strain Zn),Chalcone synthase
A0A2P5HE53,tr|A0A2P5HE53|A0A2P5HE53_DIAHE,4.6101,4.9487,4.7936,4.6816,4.7507,4.6101,4.6816,-0.0715,True,A_HvCHS2_pattern(I265),Diaporthe helianthi,Chalcone synthase
A0A7U2ESB4,tr|A0A7U2ESB4|A0A7U2ESB4_PHANO,4.4731,4.8116,4.6565,4.5445,4.6136,4.4731,4.5445,-0.0715,True,B_aliphatic_gatekeeper,Phaeosphaeria nodorum (strain SN15 / ATCC MYA-4574 / FGSC 10173),Uncharacterized protein
A0AAN6XUC3,tr|A0AAN6XUC3|A0AAN6XUC3_9PEZI,4.4069,4.7455,4.5904,4.4784,4.5474,4.4069,4.4784,-0.0715,True,B_aliphatic_gatekeeper,Rhypophila decipiens,Thiolase-like protein
A0A9W8QV17,tr|A0A9W8QV17|A0A9W8QV17_9HYPO,4.4433,4.7819,4.6268,4.5148,4.5838,4.4433,4.5148,-0.0715,True,B_aliphatic_gatekeeper,Fusarium falciforme,Uncharacterized protein
A0A2J6TDB9,tr|A0A2J6TDB9|A0A2J6TDB9_9HELO,4.4322,4.7708,4.6157,4.5037,4.5727,4.4322,4.5037,-0.0715,True,B_aliphatic_gatekeeper,Hyaloscypha bicolor E,Thiolase-like protein
A0AAN9YDM9,tr|A0AAN9YDM9|A0AAN9YDM9_9PEZI,4.3951,4.7337,4.5786,4.4666,4.5356,4.3951,4.4666,-0.0715,True,B_aliphatic_gatekeeper,Cytospora paraplurivora,Uncharacterized protein
C5FX60,tr|C5FX60|C5FX60_ARTOC,4.0197,4.3583,4.2032,4.0912,4.1602,4.0197,4.0912,-0.0715,True,B_aliphatic_gatekeeper,Arthroderma otae (strain ATCC MYA-4605 / CBS 113480),Chalcone synthase B
A0AAJ0CG38,tr|A0AAJ0CG38|A0AAJ0CG38_9HYPO,4.2513,4.5898,4.4348,4.3228,4.3918,4.2513,4.3228,-0.0715,True,B_aliphatic_gatekeeper,Conoideocrella luteorostrata,Chalcone synthase
A0ABR2JLE3,tr|A0ABR2JLE3|A0ABR2JLE3_9PEZI,4.3382,4.6768,4.5217,4.4097,4.4787,4.3382,4.4097,-0.0715,True,A_HvCHS2_pattern(I265),Apiospora arundinis,Thiolase-like protein
A0ABR1S0N0,tr|A0ABR1S0N0|A0ABR1S0N0_9PEZI,4.4774,4.8159,4.6609,4.5489,4.6179,4.4774,4.5489,-0.0715,True,A_HvCHS2_pattern(I265),Apiospora marii,Uncharacterized protein
A0ABR1S1I4,tr|A0ABR1S1I4|A0ABR1S1I4_9PEZI,4.5001,4.8386,4.6835,4.5715,4.6406,4.5001,4.5715,-0.0715,True,A_HvCHS2_pattern(I265),Apiospora rasikravindrae,Type III polyketide synthase
A0ABR1Q2N5,tr|A0ABR1Q2N5|A0ABR1Q2N5_9PEZI,4.5332,4.8718,4.7167,4.6047,4.6737,4.5332,4.6047,-0.0715,True,A_HvCHS2_pattern(I265),Apiospora aurea,Thiolase-like protein
A0ABR1VKP4,tr|A0ABR1VKP4|A0ABR1VKP4_9PEZI,4.4849,4.8234,4.6684,4.5564,4.6254,4.4849,4.5564,-0.0715,True,A_HvCHS2_pattern(I265),Apiospora hydei,Thiolase-like protein
A0A1V6Q379,tr|A0A1V6Q379|A0A1V6Q379_9EURO,4.344,4.6825,4.5274,4.4154,4.4845,4.344,4.4154,-0.0715,True,B_aliphatic_gatekeeper,Penicillium antarcticum,Chalcone/stilbene synthase N-terminal domain-containing protein
A0A1F5L6P8,tr|A0A1F5L6P8|A0A1F5L6P8_PENAI,4.2472,4.5857,4.4306,4.3186,4.3877,4.2472,4.3186,-0.0715,True,B_aliphatic_gatekeeper,Penicillium arizonense,Chalcone synthase
A0AAD6IL99,tr|A0AAD6IL99|A0AAD6IL99_PENCN,4.2337,4.5722,4.4171,4.3051,4.3742,4.2337,4.3051,-0.0715,True,B_aliphatic_gatekeeper,Penicillium canescens,Uncharacterized protein
A0A0G4NUG8,tr|A0A0G4NUG8|A0A0G4NUG8_PENC3,4.2185,4.557,4.4019,4.2899,4.359,4.2185,4.2899,-0.0715,True,B_aliphatic_gatekeeper,Penicillium camemberti (strain FM 013),"Polyketide synthase, type III"
A0AAI9X284,tr|A0AAI9X284|A0AAI9X284_PENTH,4.3469,4.6855,4.5304,4.4184,4.4875,4.3469,4.4184,-0.0715,False,D_broken_triad,Penicillium thymicola,Chalcone/stilbene synthase N-terminal domain-containing protein
A0A101MP05,tr|A0A101MP05|A0A101MP05_PENFR,4.2317,4.5702,4.4151,4.3031,4.3722,4.2317,4.3031,-0.0715,True,B_aliphatic_gatekeeper,Penicillium freii,Chalcone synthase
A0A1Q5U757,tr|A0A1Q5U757|A0A1Q5U757_9EURO,4.2563,4.5948,4.4398,4.3278,4.3968,4.2563,4.3278,-0.0715,True,B_aliphatic_gatekeeper,Penicillium subrubescens,Polyketide synthase 5
A0A1V6SK38,tr|A0A1V6SK38|A0A1V6SK38_9EURO,4.2396,4.5782,4.4231,4.3111,4.3801,4.2396,4.3111,-0.0715,True,B_aliphatic_gatekeeper,Penicillium flavigenum,Chalcone synthase
A0A9W9WXD2,tr|A0A9W9WXD2|A0A9W9WXD2_9EURO,4.2438,4.5823,4.4273,4.3153,4.3843,4.2438,4.3153,-0.0715,True,C_other,Penicillium desertorum,Chalcone synthase
A0ABQ8WCM1,tr|A0ABQ8WCM1|A0ABQ8WCM1_PENCH,4.2444,4.583,4.4279,4.3159,4.3849,4.2444,4.3159,-0.0715,True,B_aliphatic_gatekeeper,Penicillium chrysogenum,Polyketide synthase
A0A9W4MRE4,tr|A0A9W4MRE4|A0A9W4MRE4_PENOL,4.3101,4.6486,4.4935,4.3815,4.4506,4.3101,4.3815,-0.0715,True,B_aliphatic_gatekeeper,Penicillium olsonii,Uncharacterized protein
A0A9W9J1X0,tr|A0A9W9J1X0|A0A9W9J1X0_9EURO,4.224,4.5625,4.4074,4.2954,4.3645,4.224,4.2954,-0.0715,True,B_aliphatic_gatekeeper,Penicillium cf. griseofulvum,Thiolase-like protein
A0A9W9PRC7,tr|A0A9W9PRC7|A0A9W9PRC7_9EURO,4.2028,4.5413,4.3862,4.2742,4.3433,4.2028,4.2742,-0.0715,True,A_HvCHS2_pattern(I265),Penicillium atrosanguineum,Uncharacterized protein
A0A9W9RBM7,tr|A0A9W9RBM7|A0A9W9RBM7_PENBR,4.3965,4.7351,4.58,4.468,4.537,4.3965,4.468,-0.0715,True,C_other,Penicillium brevicompactum,Uncharacterized protein
A0A5N5X4W7,tr|A0A5N5X4W7|A0A5N5X4W7_9EURO,4.1608,4.4993,4.3442,4.2322,4.3013,4.1608,4.2322,-0.0715,True,B_aliphatic_gatekeeper,Aspergillus leporis,Thiolase-like protein
A0A1F8AG56,tr|A0A1F8AG56|A0A1F8AG56_9EURO,4.0308,4.3693,4.2142,4.1022,4.1713,4.0308,4.1022,-0.0715,True,B_aliphatic_gatekeeper,Aspergillus bombycis,Chalcone synthase B
P0DUK2,sp|P0DUK2|PSPB_PENSO,3.9822,4.3207,4.1657,4.0537,4.1227,3.9822,4.0537,-0.0715,True,B_aliphatic_gatekeeper,Penicillium soppii,Type III polyketide synthase pspB
A0ABR4J1Q2,tr|A0ABR4J1Q2|A0ABR4J1Q2_9EURO,4.4757,4.8143,4.6592,4.5472,4.6163,4.4757,4.5472,-0.0715,True,B_aliphatic_gatekeeper,Aspergillus pseudoustus,Thiolase-like protein
A0A0U5G292,tr|A0A0U5G292|A0A0U5G292_ASPCI,4.3595,4.698,4.5429,4.4309,4.5,4.3595,4.4309,-0.0715,True,B_aliphatic_gatekeeper,Aspergillus calidoustus,Chalcone synthase
A0ABR4GLN7,tr|A0ABR4GLN7|A0ABR4GLN7_9EURO,4.3631,4.7016,4.5465,4.4345,4.5036,4.3631,4.4345,-0.0715,True,B_aliphatic_gatekeeper,Aspergillus keveii,Thiolase-like protein
A0AAJ0CZE2,tr|A0AAJ0CZE2|A0AAJ0CZE2_9HYPO,4.1436,4.4822,4.3271,4.2151,4.2841,4.1436,4.2151,-0.0715,True,B_aliphatic_gatekeeper,Conoideocrella luteorostrata,Chalcone synthase
J5JMB4,tr|J5JMB4|J5JMB4_BEAB2,4.0647,4.4033,4.2482,4.1362,4.2052,4.0647,4.1362,-0.0715,True,B_aliphatic_gatekeeper,Beauveria bassiana (strain ARSEF 2860),Chalcone synthase B
E4UVT6,tr|E4UVT6|E4UVT6_ARTGP,4.1848,4.5234,4.3683,4.2563,4.3253,4.1848,4.2563,-0.0715,True,B_aliphatic_gatekeeper,Arthroderma gypseum (strain ATCC MYA-4604 / CBS 118893),Chalcone synthase B
D4AT57,tr|D4AT57|D4AT57_ARTBC,4.1992,4.5378,4.3827,4.2707,4.3398,4.1992,4.2707,-0.0715,True,B_aliphatic_gatekeeper,Arthroderma benhamiae (strain ATCC MYA-4681 / CBS 112371),Chalcone synthase
A0A059J6Q8,tr|A0A059J6Q8|A0A059J6Q8_TRIIM,4.2299,4.5685,4.4134,4.3014,4.3704,4.2299,4.3014,-0.0715,True,B_aliphatic_gatekeeper,Trichophyton interdigitale (strain MR816),Chalcone synthase
A0A178FQT0,tr|A0A178FQT0|A0A178FQT0_TRIVO,4.2005,4.539,4.3839,4.2719,4.341,4.2005,4.2719,-0.0715,True,B_aliphatic_gatekeeper,Trichophyton violaceum,Chalcone synthase
A0ACC3A050,tr|A0ACC3A050|A0ACC3A050_9EURO,4.0801,4.4187,4.2636,4.1516,4.2207,4.0801,4.1516,-0.0715,True,B_aliphatic_gatekeeper,Neophaeococcomyces mojaviensis,Uncharacterized protein
A0A8H7WJU8,tr|A0A8H7WJU8|A0A8H7WJU8_9HELO,3.9597,4.2983,4.1432,4.0312,4.1002,3.9597,4.0312,-0.0715,True,B_aliphatic_gatekeeper,Cadophora malorum,Uncharacterized protein
A0ABR4BZ28,tr|A0ABR4BZ28|A0ABR4BZ28_9HELO,4.0141,4.3526,4.1975,4.0855,4.1546,4.0141,4.0855,-0.0715,True,B_aliphatic_gatekeeper,Oculimacula yallundae,Chalcone synthase
A0AAQ3R6T3,tr|A0AAQ3R6T3|A0AAQ3R6T3_9PEZI,4.1163,4.4549,4.2998,4.1878,4.2568,4.1163,4.1878,-0.0715,True,B_aliphatic_gatekeeper,Acrodontium crateriforme,Uncharacterized protein
A0A139HN42,tr|A0A139HN42|A0A139HN42_9PEZI,3.9984,4.3369,4.1818,4.0698,4.1389,3.9984,4.0698,-0.0715,True,B_aliphatic_gatekeeper,Pseudocercospora eumusae,Chalcone synthase
A0A6A5Z394,tr|A0A6A5Z394|A0A6A5Z394_9PLEO,4.0221,4.3606,4.2055,4.0935,4.1626,4.0221,4.0935,-0.0715,True,B_aliphatic_gatekeeper,Lophiotrema nucula,Chalcone synthase B
F9X176,tr|F9X176|F9X176_ZYMTI,3.9396,4.2782,4.1231,4.0111,4.0801,3.9396,4.0111,-0.0715,True,A_HvCHS2_pattern(I265),Zymoseptoria tritici (strain CBS 115943 / IPO323),Chalcone synthase
A0A2K1R1B1,tr|A0A2K1R1B1|A0A2K1R1B1_9PEZI,3.962,4.3006,4.1455,4.0335,4.1025,3.962,4.0335,-0.0715,True,B_aliphatic_gatekeeper,Sphaceloma murrayae,Alpha-pyrone synthesis polyketide synthase-like Pks11
A0A6A6GAU0,tr|A0A6A6GAU0|A0A6A6GAU0_9PEZI,4.3914,4.7299,4.5748,4.4628,4.5319,4.3914,4.4628,-0.0715,True,A_HvCHS2_pattern(I265),Elsinoe ampelina,Thiolase-like protein
A0A8K0L4T3,tr|A0A8K0L4T3|A0A8K0L4T3_9PEZI,4.4513,4.7899,4.6348,4.5228,4.5918,4.4513,4.5228,-0.0715,True,A_HvCHS2_pattern(I265),Elsinoe batatas,Chalcone synthase
A0A2T2NYA2,tr|A0A2T2NYA2|A0A2T2NYA2_CORCC,4.0926,4.4311,4.276,4.164,4.2331,4.0926,4.164,-0.0715,True,B_aliphatic_gatekeeper,Corynespora cassiicola Philippines,Thiolase-like protein
A0A9P4KAV5,tr|A0A9P4KAV5|A0A9P4KAV5_9PLEO,4.0769,4.4155,4.2604,4.1484,4.2175,4.0769,4.1484,-0.0715,True,B_aliphatic_gatekeeper,Lojkania enalia,Chalcone synthase B
A0A1Y1ZIB6,tr|A0A1Y1ZIB6|A0A1Y1ZIB6_9PLEO,4.1788,4.5174,4.3623,4.2503,4.3193,4.1788,4.2503,-0.0715,True,B_aliphatic_gatekeeper,Clohesyomyces aquaticus,Chalcone synthase-like protein
A0A6A6IBC2,tr|A0A6A6IBC2|A0A6A6IBC2_9PLEO,4.1249,4.4635,4.3084,4.1964,4.2654,4.1249,4.1964,-0.0715,True,A_HvCHS2_pattern(I265),Trematosphaeria pertusa,Thiolase-like protein
A0A177CLZ2,tr|A0A177CLZ2|A0A177CLZ2_9PLEO,4.4148,4.7534,4.5983,4.4863,4.5553,4.4148,4.4863,-0.0715,True,A_HvCHS2_pattern(I265),Paraphaeosphaeria sporulosa,Thiolase-like protein
A0A9P6G8R7,tr|A0A9P6G8R7|A0A9P6G8R7_9PLEO,4.4306,4.7692,4.6141,4.5021,4.5711,4.4306,4.5021,-0.0715,True,A_HvCHS2_pattern(I265),Paraphaeosphaeria minitans,Chalcone synthase
A0A1Y2LMQ8,tr|A0A1Y2LMQ8|A0A1Y2LMQ8_EPING,4.5678,4.9064,4.7513,4.6393,4.7083,4.5678,4.6393,-0.0715,True,A_HvCHS2_pattern(I265),Epicoccum nigrum,Chalcone synthase
A0A163JPU8,tr|A0A163JPU8|A0A163JPU8_DIDRA,4.3565,4.6951,4.54,4.428,4.497,4.3565,4.428,-0.0715,True,A_HvCHS2_pattern(I265),Didymella rabiei,Transferase
A0A8H7JCU5,tr|A0A8H7JCU5|A0A8H7JCU5_9PLEO,4.3399,4.6784,4.5233,4.4113,4.4804,4.3399,4.4113,-0.0715,True,A_HvCHS2_pattern(I265),Ascochyta lentis,Thiolase-like protein
A0A9P4WW23,tr|A0A9P4WW23|A0A9P4WW23_9PLEO,4.3688,4.7074,4.5523,4.4403,4.5093,4.3688,4.4403,-0.0715,True,A_HvCHS2_pattern(I265),Didymella heteroderae,T3pks
A0A9W9D9I5,tr|A0A9W9D9I5|A0A9W9D9I5_9PLEO,4.3837,4.7222,4.5672,4.4552,4.5242,4.3837,4.4552,-0.0715,True,A_HvCHS2_pattern(I265),Didymella pomorum,Thiolase-like protein
A0A6A5S0B4,tr|A0A6A5S0B4|A0A6A5S0B4_9PLEO,4.4112,4.7497,4.5947,4.4827,4.5517,4.4112,4.4827,-0.0715,True,A_HvCHS2_pattern(I265),Didymella exigua CBS 183.55,Thiolase-like protein
A0ACB6SHW3,tr|A0ACB6SHW3|A0ACB6SHW3_9PLEO,4.2933,4.6318,4.4767,4.3647,4.4338,4.2933,4.3647,-0.0715,True,A_HvCHS2_pattern(I265),Macroventuria anomochaeta,Thiolase-like protein
A0A8K0QS34,tr|A0A8K0QS34|A0A8K0QS34_9PLEO,4.4822,4.8208,4.6657,4.5537,4.6227,4.4822,4.5537,-0.0715,True,B_aliphatic_gatekeeper,Paraphoma chrysanthemicola,Thiolase-like protein
A0A9P4GV80,tr|A0A9P4GV80|A0A9P4GV80_9PLEO,4.4241,4.7627,4.6076,4.4956,4.5646,4.4241,4.4956,-0.0715,True,B_aliphatic_gatekeeper,Setomelanomma holmii,Thiolase-like protein
A0A6A5QT49,tr|A0A6A5QT49|A0A6A5QT49_AMPQU,4.4866,4.8251,4.6701,4.5581,4.6271,4.4866,4.5581,-0.0715,True,C_other,Ampelomyces quisqualis,Thiolase-like protein
A0A7U2FK72,tr|A0A7U2FK72|A0A7U2FK72_PHANO,4.4136,4.7522,4.5971,4.4851,4.5542,4.4136,4.4851,-0.0715,True,A_HvCHS2_pattern(I265),Phaeosphaeria nodorum (strain SN15 / ATCC MYA-4574 / FGSC 10173),Uncharacterized protein
A0A6A7A0P0,tr|A0A6A7A0P0|A0A6A7A0P0_9PLEO,4.4957,4.8343,4.6792,4.5672,4.6362,4.4957,4.5672,-0.0715,True,C_other,Ophiobolus disseminans,Thiolase-like protein
A0A177DPN1,tr|A0A177DPN1|A0A177DPN1_ALTAL,4.5407,4.8793,4.7242,4.6122,4.6812,4.5407,4.6122,-0.0715,True,A_HvCHS2_pattern(I265),Alternaria alternata,Polyketide synthase PksE
A0AAD4FEN3,tr|A0AAD4FEN3|A0AAD4FEN3_9PLEO,4.4565,4.7951,4.64,4.528,4.597,4.4565,4.528,-0.0715,True,A_HvCHS2_pattern(I265),Alternaria panax,Uncharacterized protein
A0A2W1FIY5,tr|A0A2W1FIY5|A0A2W1FIY5_9PLEO,4.4571,4.7957,4.6406,4.5286,4.5976,4.4571,4.5286,-0.0715,True,A_HvCHS2_pattern(I265),Pyrenophora tritici-repentis,Polyketide synthase PksE
E3RK22,tr|E3RK22|E3RK22_PYRTT,4.4258,4.7643,4.6093,4.4973,4.5663,4.4258,4.4973,-0.0715,True,A_HvCHS2_pattern(I265),Pyrenophora teres f. teres (strain 0-1),Uncharacterized protein
R0KEQ2,tr|R0KEQ2|R0KEQ2_EXST2,4.6217,4.9603,4.8052,4.6932,4.7623,4.6217,4.6932,-0.0715,True,A_HvCHS2_pattern(I265),Exserohilum turcicum (strain 28A),Thiolase-like protein
M2SAW8,tr|M2SAW8|M2SAW8_COCSN,4.6253,4.9638,4.8087,4.6967,4.7658,4.6253,4.6967,-0.0715,True,A_HvCHS2_pattern(I265),Cochliobolus sativus (strain ND90Pr / ATCC 201652),Thiolase-like protein
W6Y3L6,tr|W6Y3L6|W6Y3L6_COCC2,4.6526,4.9912,4.8361,4.7241,4.7932,4.6526,4.7241,-0.0715,True,A_HvCHS2_pattern(I265),Cochliobolus carbonum (strain 26-R-13),Chalcone synthase
W6ZSR3,tr|W6ZSR3|W6ZSR3_COCMI,4.6735,5.012,4.8569,4.7449,4.814,4.6735,4.7449,-0.0715,True,A_HvCHS2_pattern(I265),Bipolaris oryzae ATCC 44560,Thiolase-like protein
M2UG08,tr|M2UG08|M2UG08_COCH5,4.6376,4.9762,4.8211,4.7091,4.7781,4.6376,4.7091,-0.0715,True,A_HvCHS2_pattern(I265),Cochliobolus heterostrophus (strain C5 / ATCC 48332 / race O),Thiolase-like protein
A0A6A7B7G1,tr|A0A6A7B7G1|A0A6A7B7G1_9PLEO,4.395,4.7336,4.5785,4.4665,4.5355,4.395,4.4665,-0.0715,True,A_HvCHS2_pattern(I265),Plenodomus tracheiphilus IPT5,Thiolase-like protein
E4ZW99,tr|E4ZW99|E4ZW99_LEPMJ,4.4643,4.8029,4.6478,4.5358,4.6048,4.4643,4.5358,-0.0715,True,A_HvCHS2_pattern(I265),Leptosphaeria maculans (strain JN3 / isolate v23.1.3 / race Av1-4-5-6-7-8),Similar to chalcone synthase
A0A6A6X0U9,tr|A0A6A6X0U9|A0A6A6X0U9_9PLEO,3.8117,4.1502,3.9951,3.8831,3.9522,3.8117,3.8831,-0.0715,True,B_aliphatic_gatekeeper,Melanomma pulvis-pyrius CBS 109.77,Chalcone synthase B
A0A9P4UVY1,tr|A0A9P4UVY1|A0A9P4UVY1_9PLEO,3.8572,4.1958,4.0407,3.9287,3.9977,3.8572,3.9287,-0.0715,False,D_broken_triad,Polyplosphaeria fusca,Thiolase-like protein
A0A6A5YEE4,tr|A0A6A5YEE4|A0A6A5YEE4_9PLEO,4.0056,4.3442,4.1891,4.0771,4.1461,4.0056,4.0771,-0.0715,True,B_aliphatic_gatekeeper,Lophiotrema nucula,Chalcone synthase B (Fragment)
C4JSL0,tr|C4JSL0|C4JSL0_UNCRE,3.788,4.1266,3.9715,3.8595,3.9285,3.788,3.8595,-0.0715,True,B_aliphatic_gatekeeper,Uncinocarpus reesii (strain UAMH 1704),Chalcone synthase
J3KJU3,tr|J3KJU3|J3KJU3_COCIM,3.7662,4.1047,3.9496,3.8376,3.9067,3.7662,3.8376,-0.0715,True,B_aliphatic_gatekeeper,Coccidioides immitis (strain RS),Chalcone synthase
A0A2B7WIN8,tr|A0A2B7WIN8|A0A2B7WIN8_9EURO,3.4646,3.8032,3.6481,3.5361,3.6051,3.4646,3.5361,-0.0715,True,B_aliphatic_gatekeeper,Helicocarpus griseus UAMH5409,Chalcone synthase
A0A4V3UMX3,tr|A0A4V3UMX3|A0A4V3UMX3_9EURO,3.4955,3.834,3.679,3.567,3.636,3.4955,3.567,-0.0715,True,B_aliphatic_gatekeeper,Aspergillus tanneri,Type III Polyketide synthases (Type III PKS)
A0A0N1HGD1,tr|A0A0N1HGD1|A0A0N1HGD1_9EURO,3.3071,3.6457,3.4906,3.3786,3.4476,3.3071,3.3786,-0.0715,True,B_aliphatic_gatekeeper,Cyphellophora attinorum,Chalcone synthase J
W2S6L9,tr|W2S6L9|W2S6L9_CYPE1,3.2449,3.5834,3.4283,3.3163,3.3854,3.2449,3.3163,-0.0715,True,B_aliphatic_gatekeeper,Cyphellophora europaea (strain CBS 101466),Chalcone synthase
A0ACC3AEV6,tr|A0ACC3AEV6|A0ACC3AEV6_9EURO,3.2502,3.5887,3.4336,3.3216,3.3907,3.2502,3.3216,-0.0715,True,B_aliphatic_gatekeeper,Neophaeococcomyces mojaviensis,Uncharacterized protein
A0AAN7T340,tr|A0AAN7T340|A0AAN7T340_9EURO,3.2589,3.5975,3.4424,3.3304,3.3995,3.2589,3.3304,-0.0715,True,B_aliphatic_gatekeeper,Lithohypha guttulata,Chalcone synthase
A0AAN8EAZ5,tr|A0AAN8EAZ5|A0AAN8EAZ5_9EURO,3.3025,3.6411,3.486,3.374,3.4431,3.3025,3.374,-0.0715,True,B_aliphatic_gatekeeper,Knufia fluminis,Chalcone synthase
A0ABR0JYW4,tr|A0ABR0JYW4|A0ABR0JYW4_9EURO,3.2736,3.6121,3.457,3.345,3.4141,3.2736,3.345,-0.0715,True,B_aliphatic_gatekeeper,Lithohypha guttulata,Chalcone synthase
A0AAN6E693,tr|A0AAN6E693|A0AAN6E693_9EURO,3.2257,3.5643,3.4092,3.2972,3.3662,3.2257,3.2972,-0.0715,True,B_aliphatic_gatekeeper,Exophiala viscosa,Chalcone synthase
A0A0D2BWQ8,tr|A0A0D2BWQ8|A0A0D2BWQ8_9EURO,3.1926,3.5312,3.3761,3.2641,3.3332,3.1926,3.2641,-0.0715,True,B_aliphatic_gatekeeper,Cladophialophora immunda,Chalcone synthase
A0A0D2G0G6,tr|A0A0D2G0G6|A0A0D2G0G6_9EURO,3.2235,3.562,3.4069,3.2949,3.364,3.2235,3.2949,-0.0715,True,B_aliphatic_gatekeeper,Phialophora macrospora,Chalcone synthase
A0AA39CQ38,tr|A0AA39CQ38|A0AA39CQ38_9EURO,3.2818,3.6204,3.4653,3.3533,3.4223,3.2818,3.3533,-0.0715,True,B_aliphatic_gatekeeper,Cladophialophora chaetospira,Chalcone synthase
A0A0D2GWU2,tr|A0A0D2GWU2|A0A0D2GWU2_9EURO,3.2006,3.5392,3.3841,3.2721,3.3411,3.2006,3.2721,-0.0715,True,B_aliphatic_gatekeeper,Rhinocladiella mackenziei CBS 650.93,Chalcone synthase
W9Y2I5,tr|W9Y2I5|W9Y2I5_9EURO,3.2141,3.5527,3.3976,3.2856,3.3546,3.2141,3.2856,-0.0715,True,B_aliphatic_gatekeeper,Capronia epimyces CBS 606.96,Chalcone synthase
H6C6Q8,tr|H6C6Q8|H6C6Q8_EXODN,3.2188,3.5573,3.4022,3.2902,3.3593,3.2188,3.2902,-0.0715,True,B_aliphatic_gatekeeper,Exophiala dermatitidis (strain ATCC 34100 / CBS 525.76 / NIH/UT8656),Chalcone synthase
W9Y6Q1,tr|W9Y6Q1|W9Y6Q1_9EURO,3.2186,3.5571,3.402,3.29,3.3591,3.2186,3.29,-0.0715,True,B_aliphatic_gatekeeper,Capronia coronata CBS 617.96,Chalcone synthase
A0A0D2D1A3,tr|A0A0D2D1A3|A0A0D2D1A3_9EURO,3.2054,3.5439,3.3888,3.2768,3.3459,3.2054,3.2768,-0.0715,True,B_aliphatic_gatekeeper,Exophiala xenobiotica,Chalcone synthase
A0A0D2C9T2,tr|A0A0D2C9T2|A0A0D2C9T2_9EURO,3.2324,3.571,3.4159,3.3039,3.373,3.2324,3.3039,-0.0715,True,B_aliphatic_gatekeeper,Exophiala spinifera,Chalcone synthase
A0A0D2CEC4,tr|A0A0D2CEC4|A0A0D2CEC4_9EURO,3.2671,3.6056,3.4505,3.3385,3.4076,3.2671,3.3385,-0.0715,True,B_aliphatic_gatekeeper,Exophiala oligosperma,Chalcone synthase
A0A072PJP8,tr|A0A072PJP8|A0A072PJP8_9EURO,3.1806,3.5192,3.3641,3.2521,3.3211,3.1806,3.2521,-0.0715,True,B_aliphatic_gatekeeper,Exophiala aquamarina CBS 119918,Chalcone synthase
A0AAV9N652,tr|A0AAV9N652|A0AAV9N652_9EURO,3.2566,3.5951,3.44,3.328,3.3971,3.2566,3.328,-0.0715,True,B_aliphatic_gatekeeper,Exophiala bonariae,Chalcone synthase
A0A0D1WL63,tr|A0A0D1WL63|A0A0D1WL63_EXOME,3.285,3.6236,3.4685,3.3565,3.4255,3.285,3.3565,-0.0715,True,B_aliphatic_gatekeeper,Exophiala mesophila,Chalcone synthase
A0A8H7A8E3,tr|A0A8H7A8E3|A0A8H7A8E3_9EURO,3.1846,3.5232,3.3681,3.2561,3.3251,3.1846,3.2561,-0.0715,True,B_aliphatic_gatekeeper,Endocarpon pusillum,Chalcone synthase
A0A8H3ETM5,tr|A0A8H3ETM5|A0A8H3ETM5_9LECA,3.188,3.5266,3.3715,3.2595,3.3285,3.188,3.2595,-0.0715,True,B_aliphatic_gatekeeper,Alectoria fallacina,Chalcone synthase
A0A8H3F2X0,tr|A0A8H3F2X0|A0A8H3F2X0_9LECA,3.2248,3.5634,3.4083,3.2963,3.3653,3.2248,3.2963,-0.0715,True,B_aliphatic_gatekeeper,Imshaugia aleurites,Chalcone synthase
A0A8H6FE65,tr|A0A8H6FE65|A0A8H6FE65_9LECA,3.2179,3.5565,3.4014,3.2894,3.3584,3.2179,3.2894,-0.0715,True,B_aliphatic_gatekeeper,Letharia lupina,Uncharacterized protein
A0AA39R1E1,tr|A0AA39R1E1|A0AA39R1E1_9LECA,3.1714,3.51,3.3549,3.2429,3.3119,3.1714,3.2429,-0.0715,True,B_aliphatic_gatekeeper,Cladonia borealis,Chalcone synthase
A0AAD9ZFM4,tr|A0AAD9ZFM4|A0AAD9ZFM4_9LECA,3.164,3.5026,3.3475,3.2355,3.3045,3.164,3.2355,-0.0715,True,B_aliphatic_gatekeeper,Lepraria neglecta,Chalcone synthase
A0ABR4AQW7,tr|A0ABR4AQW7|A0ABR4AQW7_9LECA,3.2024,3.541,3.3859,3.2739,3.343,3.2024,3.2739,-0.0715,True,B_aliphatic_gatekeeper,Stereocaulon virgatum,Chalcone synthase
A0A1W5D8W5,tr|A0A1W5D8W5|A0A1W5D8W5_9LECA,3.1538,3.4923,3.3372,3.2252,3.2943,3.1538,3.2252,-0.0715,True,B_aliphatic_gatekeeper,Lasallia pustulata,Chalcone synthase
A0A8H3EVP5,tr|A0A8H3EVP5|A0A8H3EVP5_9LECA,3.1567,3.4953,3.3402,3.2282,3.2972,3.1567,3.2282,-0.0715,True,B_aliphatic_gatekeeper,Heterodermia speciosa,Chalcone synthase
A0AA43QLY7,tr|A0AA43QLY7|A0AA43QLY7_9LECA,3.161,3.4995,3.3444,3.2324,3.3015,3.161,3.2324,-0.0715,True,B_aliphatic_gatekeeper,Ramalina farinacea,Chalcone synthase
A0A6A6CEL4,tr|A0A6A6CEL4|A0A6A6CEL4_ZASCE,3.8272,4.1658,4.0107,3.8987,3.9677,3.8272,3.8987,-0.0715,True,B_aliphatic_gatekeeper,Zasmidium cellare ATCC 36951,Chalcone/stilbene synthase N-terminal domain-containing protein
A0A8H3INC4,tr|A0A8H3INC4|A0A8H3INC4_9LECA,3.3458,3.6843,3.5292,3.4172,3.4863,3.3458,3.4172,-0.0715,True,B_aliphatic_gatekeeper,Gomphillus americanus,Chalcone synthase
A0A1B8GPR4,tr|A0A1B8GPR4|A0A1B8GPR4_9PEZI,3.2223,3.5608,3.4057,3.2937,3.3628,3.2223,3.2937,-0.0715,True,B_aliphatic_gatekeeper,Pseudogymnoascus verrucosus,Type III Polyketide synthases (Type III PKS)
A0A168CIL4,tr|A0A168CIL4|A0A168CIL4_9HYPO,3.218,3.5565,3.4014,3.2894,3.3585,3.218,3.2894,-0.0715,True,B_aliphatic_gatekeeper,Moelleriella libera RCEF 2490,A chain a type 3 polyketide synthase pksiiinc from
A0A9X9MH45,tr|A0A9X9MH45|A0A9X9MH45_BLUGR,3.4652,3.8038,3.6487,3.5367,3.6057,3.4652,3.5367,-0.0715,True,B_aliphatic_gatekeeper,Blumeria graminis f. sp. tritici,Bgt-4974
N1J930,tr|N1J930|N1J930_BLUG1,3.4615,3.8,3.6449,3.5329,3.602,3.4615,3.5329,-0.0715,True,B_aliphatic_gatekeeper,Blumeria graminis f. sp. hordei (strain DH14),Polyketide Synthase
A0A420IPA2,tr|A0A420IPA2|A0A420IPA2_9PEZI,3.5782,3.9168,3.7617,3.6497,3.7188,3.5782,3.6497,-0.0715,True,B_aliphatic_gatekeeper,Golovinomyces cichoracearum,Chalcone synthase 2
A0A0B1PAA6,tr|A0A0B1PAA6|A0A0B1PAA6_ERYNE,3.5195,3.858,3.703,3.591,3.66,3.5195,3.591,-0.0715,True,B_aliphatic_gatekeeper,Erysiphe necator,Putative chalcone synthase c protein
A0A2S4PKR4,tr|A0A2S4PKR4|A0A2S4PKR4_9PEZI,3.5141,3.8527,3.6976,3.5856,3.6546,3.5141,3.5856,-0.0715,True,B_aliphatic_gatekeeper,Erysiphe pulchra,Thiolase-like protein (Fragment)
A0A420HA84,tr|A0A420HA84|A0A420HA84_9PEZI,3.5337,3.8723,3.7172,3.6052,3.6742,3.5337,3.6052,-0.0715,True,B_aliphatic_gatekeeper,Erysiphe neolycopersici,Chalcone synthase A
A0A9P7Z1D1,tr|A0A9P7Z1D1|A0A9P7Z1D1_9HELO,3.2728,3.6113,3.4563,3.3443,3.4133,3.2728,3.3443,-0.0715,True,B_aliphatic_gatekeeper,Calycina marina,Thiolase-like protein
A0A3E2H9W8,tr|A0A3E2H9W8|A0A3E2H9W8_SCYLI,3.3797,3.7183,3.5632,3.4512,3.5203,3.3797,3.4512,-0.0715,True,B_aliphatic_gatekeeper,Scytalidium lignicola,Chalcone synthase (Fragment)
A0A4Z1KSR7,tr|A0A4Z1KSR7|A0A4Z1KSR7_9HELO,3.4017,3.7402,3.5852,3.4732,3.5422,3.4017,3.4732,-0.0715,True,B_aliphatic_gatekeeper,Botrytis porri,Chalcone/stilbene synthase N-terminal domain-containing protein
A0A4Z1IYL3,tr|A0A4Z1IYL3|A0A4Z1IYL3_9HELO,3.4111,3.7496,3.5945,3.4825,3.5516,3.4111,3.4825,-0.0715,True,B_aliphatic_gatekeeper,Botryotinia narcissicola,Chalcone/stilbene synthase N-terminal domain-containing protein
A0A4S8R6B1,tr|A0A4S8R6B1|A0A4S8R6B1_9HELO,3.3873,3.7259,3.5708,3.4588,3.5278,3.3873,3.4588,-0.0715,True,B_aliphatic_gatekeeper,Botrytis galanthina,Chalcone/stilbene synthase N-terminal domain-containing protein
A0A384K0M6,tr|A0A384K0M6|A0A384K0M6_BOTFB,3.4064,3.7449,3.5898,3.4778,3.5469,3.4064,3.4778,-0.0715,True,B_aliphatic_gatekeeper,Botrytis cinerea (strain B05.10),Bcchs1
A0A4Y8D9M4,tr|A0A4Y8D9M4|A0A4Y8D9M4_9HELO,3.4255,3.764,3.6089,3.4969,3.566,3.4255,3.4969,-0.0715,True,B_aliphatic_gatekeeper,Botryotinia calthae,Thiolase-like protein
A0A4Z1HBG3,tr|A0A4Z1HBG3|A0A4Z1HBG3_9HELO,3.3818,3.7204,3.5653,3.4533,3.5223,3.3818,3.4533,-0.0715,True,B_aliphatic_gatekeeper,Botryotinia convoluta,Thiolase-like protein
A0A8A3PMK3,tr|A0A8A3PMK3|A0A8A3PMK3_9HELO,3.4469,3.7855,3.6304,3.5184,3.5874,3.4469,3.5184,-0.0715,True,B_aliphatic_gatekeeper,Monilinia vaccinii-corymbosi,Thiolase-like protein
A0A5M9JCJ9,tr|A0A5M9JCJ9|A0A5M9JCJ9_MONFR,3.427,3.7656,3.6105,3.4985,3.5675,3.427,3.4985,-0.0715,True,B_aliphatic_gatekeeper,Monilinia fructicola,Uncharacterized protein
A0A5N6JXT8,tr|A0A5N6JXT8|A0A5N6JXT8_MONLA,3.4345,3.773,3.6179,3.5059,3.575,3.4345,3.5059,-0.0715,True,B_aliphatic_gatekeeper,Monilinia laxa,Chalcone/stilbene synthase N-terminal domain-containing protein
W9CHY2,tr|W9CHY2|W9CHY2_SCLBF,3.421,3.7596,3.6045,3.4925,3.5615,3.421,3.4925,-0.0715,True,B_aliphatic_gatekeeper,Sclerotinia borealis (strain F-4128),Thiolase-like protein
A7EAK6,tr|A7EAK6|A7EAK6_SCLS1,3.4342,3.7727,3.6176,3.5056,3.5747,3.4342,3.5056,-0.0715,True,B_aliphatic_gatekeeper,Sclerotinia sclerotiorum (strain ATCC 18683 / 1980 / Ss-1),Thiolase-like protein
A0A3D8RMV4,tr|A0A3D8RMV4|A0A3D8RMV4_9HELO,3.3299,3.6685,3.5134,3.4014,3.4704,3.3299,3.4014,-0.0715,True,B_aliphatic_gatekeeper,Coleophoma cylindrospora,Thiolase-like protein
A0ABR4PEQ7,tr|A0ABR4PEQ7|A0ABR4PEQ7_9HELO,3.3154,3.6539,3.4988,3.3868,3.4559,3.3154,3.3868,-0.0715,True,B_aliphatic_gatekeeper,Phlyctema vagabunda,Stilbene synthase 2
A0A194WWD4,tr|A0A194WWD4|A0A194WWD4_MOLSC,3.2348,3.5734,3.4183,3.3063,3.3753,3.2348,3.3063,-0.0715,True,B_aliphatic_gatekeeper,Mollisia scopiformis,Thiolase-like protein
A0A1L7WHI9,tr|A0A1L7WHI9|A0A1L7WHI9_9HELO,3.2427,3.5812,3.4262,3.3142,3.3832,3.2427,3.3142,-0.0715,True,B_aliphatic_gatekeeper,Phialocephala subalpina,Related to stilbene synthase 2
A0A2J6PXT4,tr|A0A2J6PXT4|A0A2J6PXT4_9HELO,3.272,3.6106,3.4555,3.3435,3.4126,3.272,3.3435,-0.0715,True,B_aliphatic_gatekeeper,Hyaloscypha hepaticicola,Thiolase-like protein
A0A2J6RAQ7,tr|A0A2J6RAQ7|A0A2J6RAQ7_HYAVF,3.3555,3.6941,3.539,3.427,3.4961,3.3555,3.427,-0.0715,True,B_aliphatic_gatekeeper,Hyaloscypha variabilis (strain UAMH 11265 / GT02V1 / F),Thiolase-like protein
A0A2J6TQX3,tr|A0A2J6TQX3|A0A2J6TQX3_9HELO,3.2629,3.6014,3.4464,3.3344,3.4034,3.2629,3.3344,-0.0715,True,B_aliphatic_gatekeeper,Hyaloscypha bicolor E,Thiolase-like protein
A0A9P6VPD5,tr|A0A9P6VPD5|A0A9P6VPD5_9HELO,3.3347,3.6732,3.5181,3.4061,3.4752,3.3347,3.4061,-0.0715,True,B_aliphatic_gatekeeper,Hyphodiscus hymeniophilus,Thiolase like protein
A0A8H7TDR2,tr|A0A8H7TDR2|A0A8H7TDR2_9HELO,3.2537,3.5922,3.4372,3.3252,3.3942,3.2537,3.3252,-0.0715,True,B_aliphatic_gatekeeper,Cadophora malorum,Thiolase-like protein
A0A1E1K3U6,tr|A0A1E1K3U6|A0A1E1K3U6_9HELO,3.2982,3.6367,3.4816,3.3696,3.4387,3.2982,3.3696,-0.0715,True,B_aliphatic_gatekeeper,Rhynchosporium agropyri,Related to stilbene synthase 2
A0ABR4CHZ2,tr|A0ABR4CHZ2|A0ABR4CHZ2_9HELO,3.282,3.6206,3.4655,3.3535,3.4225,3.282,3.3535,-0.0715,True,B_aliphatic_gatekeeper,Oculimacula yallundae,Uncharacterized protein
A0A218ZF58,tr|A0A218ZF58|A0A218ZF58_9HELO,3.3127,3.6513,3.4962,3.3842,3.4532,3.3127,3.3842,-0.0715,True,B_aliphatic_gatekeeper,Diplocarpon coronariae,"BcCHS1, chalcone synthase"
A0AAD9SYD1,tr|A0AAD9SYD1|A0AAD9SYD1_9HELO,3.3644,3.703,3.5479,3.4359,3.505,3.3644,3.4359,-0.0715,True,B_aliphatic_gatekeeper,Diplocarpon rosae,Uncharacterized protein
A0A370TNA4,tr|A0A370TNA4|A0A370TNA4_9HELO,3.3498,3.6884,3.5333,3.4213,3.4903,3.3498,3.4213,-0.0715,True,B_aliphatic_gatekeeper,Venustampulla echinocandica,Thiolase-like protein
A0A8T9CL66,tr|A0A8T9CL66|A0A8T9CL66_9HELO,3.3483,3.6869,3.5318,3.4198,3.4888,3.3483,3.4198,-0.0715,True,B_aliphatic_gatekeeper,Lachnellula suecica,Putative polyketide synthase
A0A8H8RIC5,tr|A0A8H8RIC5|A0A8H8RIC5_9HELO,3.3919,3.7304,3.5754,3.4634,3.5324,3.3919,3.4634,-0.0715,True,B_aliphatic_gatekeeper,Lachnellula occidentalis,Putative polyketide synthase
A0A559M4F6,tr|A0A559M4F6|A0A559M4F6_9HELO,3.4148,3.7534,3.5983,3.4863,3.5553,3.4148,3.4863,-0.0715,True,B_aliphatic_gatekeeper,Lachnellula willkommii,Putative polyketide synthase
A0A8H8U224,tr|A0A8H8U224|A0A8H8U224_9HELO,3.3922,3.7308,3.5757,3.4637,3.5327,3.3922,3.4637,-0.0715,True,B_aliphatic_gatekeeper,Lachnellula hyalina,Putative polyketide synthase
A0A9N9LRE5,tr|A0A9N9LRE5|A0A9N9LRE5_9HELO,3.4037,3.7422,3.5872,3.4752,3.5442,3.4037,3.4752,-0.0715,True,B_aliphatic_gatekeeper,Hymenoscyphus albidus,Thiolase-like protein
A0A9P7YD03,tr|A0A9P7YD03|A0A9P7YD03_9HELO,3.3863,3.7249,3.5698,3.4578,3.5268,3.3863,3.4578,-0.0715,True,B_aliphatic_gatekeeper,Amylocarpus encephaloides,Thiolase-like protein
S3CGA1,tr|S3CGA1|S3CGA1_GLAL2,3.3914,3.73,3.5749,3.4629,3.5319,3.3914,3.4629,-0.0715,True,B_aliphatic_gatekeeper,Glarea lozoyensis (strain ATCC 20868 / MF5171),Thiolase-like protein
A0A8H4RNA6,tr|A0A8H4RNA6|A0A8H4RNA6_9HELO,3.3278,3.6664,3.5113,3.3993,3.4684,3.3278,3.3993,-0.0715,True,B_aliphatic_gatekeeper,Cudoniella acicularis,Thiolase-like protein
A0A2T3B5Z1,tr|A0A2T3B5Z1|A0A2T3B5Z1_AMORE,3.3588,3.6974,3.5423,3.4303,3.4993,3.3588,3.4303,-0.0715,True,B_aliphatic_gatekeeper,Amorphotheca resinae ATCC 22711,Uncharacterized protein
A0A507AYB9,tr|A0A507AYB9|A0A507AYB9_9PEZI,3.7201,4.0587,3.9036,3.7916,3.8606,3.7201,3.7916,-0.0715,True,B_aliphatic_gatekeeper,Thyridium curvatum,Chalcone synthase
A0ABR3VLV2,tr|A0ABR3VLV2|A0ABR3VLV2_HUMIN,3.4296,3.7682,3.6131,3.5011,3.5701,3.4296,3.5011,-0.0715,False,D_broken_triad,Humicola insolens,Chalcone/stilbene synthase N-terminal domain-containing protein
A0A8H4LED7,tr|A0A8H4LED7|A0A8H4LED7_9HYPO,3.4629,3.8015,3.6464,3.5344,3.6034,3.4629,3.5344,-0.0715,True,B_aliphatic_gatekeeper,Fusarium albosuccineum,Chalcone and stilbene synthase domain-containing
A0ACC1T004,tr|A0ACC1T004|A0ACC1T004_9HYPO,3.4461,3.7847,3.6296,3.5176,3.5866,3.4461,3.5176,-0.0715,True,B_aliphatic_gatekeeper,Fusarium decemcellulare,Uncharacterized protein
A0AA39G8Y3,tr|A0AA39G8Y3|A0AA39G8Y3_SARSR,3.3094,3.648,3.4929,3.3809,3.4499,3.3094,3.3809,-0.0715,True,B_aliphatic_gatekeeper,Sarocladium strictum,Uncharacterized protein
A0A0F4ZKS6,tr|A0A0F4ZKS6|A0A0F4ZKS6_9PEZI,3.5391,3.8776,3.7226,3.6106,3.6796,3.5391,3.6106,-0.0715,True,B_aliphatic_gatekeeper,Thielaviopsis punctulata,Chalcone synthase
A0A2C5WIX6,tr|A0A2C5WIX6|A0A2C5WIX6_9PEZI,3.5434,3.882,3.7269,3.6149,3.6839,3.5434,3.6149,-0.0715,True,B_aliphatic_gatekeeper,Ceratocystis fimbriata CBS 114723,Type III polyketide synthase B
A0ABR1SUD7,tr|A0ABR1SUD7|A0ABR1SUD7_9PEZI,3.3684,3.707,3.5519,3.4399,3.5089,3.3684,3.4399,-0.0715,True,B_aliphatic_gatekeeper,Apiospora phragmitis,Type III polyketide synthase
A0AAW0QC11,tr|A0AAW0QC11|A0AAW0QC11_9PEZI,3.4005,3.7391,3.584,3.472,3.541,3.4005,3.472,-0.0715,True,B_aliphatic_gatekeeper,Apiospora kogelbergensis,Uncharacterized protein
A0ABR2I0U6,tr|A0ABR2I0U6|A0ABR2I0U6_9PEZI,3.3608,3.6993,3.5442,3.4322,3.5013,3.3608,3.4322,-0.0715,True,B_aliphatic_gatekeeper,Apiospora arundinis,Chalcone and stilbene synthase
A0ABR1RI18,tr|A0ABR1RI18|A0ABR1RI18_9PEZI,3.3743,3.7129,3.5578,3.4458,3.5149,3.3743,3.4458,-0.0715,True,B_aliphatic_gatekeeper,Apiospora marii,Stilbene synthase 2
A0ABR1TIY1,tr|A0ABR1TIY1|A0ABR1TIY1_9PEZI,3.3903,3.7288,3.5737,3.4617,3.5308,3.3903,3.4617,-0.0715,True,B_aliphatic_gatekeeper,Apiospora saccharicola,Stilbene synthase 2
A0ABR1QXI5,tr|A0ABR1QXI5|A0ABR1QXI5_9PEZI,3.3162,3.6548,3.4997,3.3877,3.4567,3.3162,3.3877,-0.0715,True,B_aliphatic_gatekeeper,Apiospora aurea,Thiolase-like protein
A0A9P9WX08,tr|A0A9P9WX08|A0A9P9WX08_9PEZI,3.3216,3.6602,3.5051,3.3931,3.4621,3.3216,3.3931,-0.0715,True,B_aliphatic_gatekeeper,Neoarthrinium moseri,Uncharacterized protein
A0A9P8UDJ0,tr|A0A9P8UDJ0|A0A9P8UDJ0_9PEZI,3.3747,3.7133,3.5582,3.4462,3.5152,3.3747,3.4462,-0.0715,True,B_aliphatic_gatekeeper,Truncatella angustata,Thiolase-like protein
A0ABR2V6Z4,tr|A0ABR2V6Z4|A0ABR2V6Z4_9PEZI,3.4008,3.7393,3.5843,3.4723,3.5413,3.4008,3.4723,-0.0715,True,B_aliphatic_gatekeeper,Seiridium unicorne,Uncharacterized protein
W3WYM6,tr|W3WYM6|W3WYM6_PESFW,3.4416,3.7801,3.625,3.513,3.5821,3.4416,3.513,-0.0715,True,B_aliphatic_gatekeeper,Pestalotiopsis fici (strain W106-1 / CGMCC3.15140),Uncharacterized protein
A0A1Y2DQG3,tr|A0A1Y2DQG3|A0A1Y2DQG3_9PEZI,3.403,3.7415,3.5864,3.4744,3.5435,3.403,3.4744,-0.0715,True,B_aliphatic_gatekeeper,Pseudomassariella vexata,Chalcone and stilbene synthase domain-containing protein
A0AAI8VD52,tr|A0AAI8VD52|A0AAI8VD52_9PEZI,3.3413,3.6799,3.5248,3.4128,3.4818,3.3413,3.4128,-0.0715,True,B_aliphatic_gatekeeper,Anthostomella pinea,Uu.00g129210.m01.CDS01
A0A1W2TFI8,tr|A0A1W2TFI8|A0A1W2TFI8_ROSNE,3.5361,3.8747,3.7196,3.6076,3.6766,3.5361,3.6076,-0.0715,True,B_aliphatic_gatekeeper,Rosellinia necatrix,Putative chalcone and stilbene synthase domain-containing protein
A0A553I235,tr|A0A553I235|A0A553I235_9PEZI,3.5914,3.93,3.7749,3.6629,3.7319,3.5914,3.6629,-0.0715,True,B_aliphatic_gatekeeper,Xylaria flabelliformis,Chalcone synthase
A0A7C8IWR1,tr|A0A7C8IWR1|A0A7C8IWR1_9PEZI,3.6226,3.9611,3.8061,3.6941,3.7631,3.6226,3.6941,-0.0715,True,B_aliphatic_gatekeeper,Xylaria multiplex,Chalcone synthase
A0A439D4A0,tr|A0A439D4A0|A0A439D4A0_9PEZI,3.6241,3.9627,3.8076,3.6956,3.7646,3.6241,3.6956,-0.0715,True,B_aliphatic_gatekeeper,Xylaria grammica,Chalcone/stilbene synthase C-terminal domain-containing protein
A0A4Z0YMS4,tr|A0A4Z0YMS4|A0A4Z0YMS4_9PEZI,3.5841,3.9226,3.7675,3.6555,3.7246,3.5841,3.6555,-0.0715,True,B_aliphatic_gatekeeper,Xylaria hypoxylon,Chalcone synthase
A0A9W8TRR6,tr|A0A9W8TRR6|A0A9W8TRR6_9PEZI,3.6391,3.9777,3.8226,3.7106,3.7796,3.6391,3.7106,-0.0715,True,B_aliphatic_gatekeeper,Xylaria arbuscula,Uncharacterized protein
A0AAN7UDA0,tr|A0AAN7UDA0|A0AAN7UDA0_9PEZI,3.6072,3.9458,3.7907,3.6787,3.7477,3.6072,3.6787,-0.0715,True,B_aliphatic_gatekeeper,Xylaria bambusicola,Uncharacterized protein
A0AAX6MX86,tr|A0AAX6MX86|A0AAX6MX86_9PEZI,3.4009,3.7395,3.5844,3.4724,3.5415,3.4009,3.4724,-0.0715,True,B_aliphatic_gatekeeper,Daldinia eschscholtzii,Chalcone synthase
A0ACB9YP28,tr|A0ACB9YP28|A0ACB9YP28_9PEZI,3.3936,3.7322,3.5771,3.4651,3.5341,3.3936,3.4651,-0.0715,True,B_aliphatic_gatekeeper,Hypoxylon rubiginosum,Thiolase-like protein
A0ACC0CTB6,tr|A0ACC0CTB6|A0ACC0CTB6_9PEZI,3.3797,3.7183,3.5632,3.4512,3.5202,3.3797,3.4512,-0.0715,True,B_aliphatic_gatekeeper,Hypoxylon rubiginosum,Thiolase-like protein
A0A4Q4TJU1,tr|A0A4Q4TJU1|A0A4Q4TJU1_9PEZI,3.3499,3.6885,3.5334,3.4214,3.4904,3.3499,3.4214,-0.0715,True,B_aliphatic_gatekeeper,Monosporascus ibericus,Chalcone synthase
A0ABY0GT09,tr|A0ABY0GT09|A0ABY0GT09_9PEZI,3.337,3.6755,3.5204,3.4084,3.4775,3.337,3.4084,-0.0715,True,B_aliphatic_gatekeeper,Monosporascus cannonballus,Chalcone/stilbene synthase N-terminal domain-containing protein
A0AAN9V823,tr|A0AAN9V823|A0AAN9V823_9PEZI,3.3095,3.6481,3.493,3.381,3.45,3.3095,3.381,-0.0715,True,B_aliphatic_gatekeeper,Diatrype stigma,Uncharacterized protein
M7TSD2,tr|M7TSD2|M7TSD2_EUTLA,3.3075,3.6461,3.491,3.379,3.4481,3.3075,3.379,-0.0715,True,B_aliphatic_gatekeeper,Eutypa lata (strain UCR-EL1),Putative chalcone synthase c protein
A0A3N2Q6W8,tr|A0A3N2Q6W8|A0A3N2Q6W8_SODAK,3.465,3.8036,3.6485,3.5365,3.6055,3.465,3.5365,-0.0715,True,B_aliphatic_gatekeeper,Sodiomyces alkalinus (strain CBS 110278 / VKM F-3762 / F11),Thiolase-like protein
A0A3M9Y6T3,tr|A0A3M9Y6T3|A0A3M9Y6T3_9PEZI,3.3766,3.7151,3.5601,3.4481,3.5171,3.3766,3.4481,-0.0715,True,B_aliphatic_gatekeeper,Verticillium nonalfalfae,T3pks protein
G2XAU7,tr|G2XAU7|G2XAU7_VERDV,3.3979,3.7364,3.5814,3.4694,3.5384,3.3979,3.4694,-0.0715,True,B_aliphatic_gatekeeper,Verticillium dahliae (strain VdLs.17 / ATCC MYA-4575 / FGSC 10137),Chalcone and stilbene synthase domain-containing protein
A0A8K0X7W6,tr|A0A8K0X7W6|A0A8K0X7W6_9PEZI,3.3219,3.6604,3.5053,3.3933,3.4624,3.3219,3.3933,-0.0715,True,B_aliphatic_gatekeeper,Plectosphaerella cucumerina,Chalcone and stilbene synthase domain-containing protein
A0A9P9A9I0,tr|A0A9P9A9I0|A0A9P9A9I0_9PEZI,3.3269,3.6654,3.5103,3.3983,3.4674,3.3269,3.3983,-0.0715,True,B_aliphatic_gatekeeper,Plectosphaerella plurivora,Chalcone and stilbene synthase domain-containing protein
A0A1Q8S3L2,tr|A0A1Q8S3L2|A0A1Q8S3L2_9PEZI,3.383,3.7216,3.5665,3.4545,3.5235,3.383,3.4545,-0.0715,True,B_aliphatic_gatekeeper,Colletotrichum chlorophyti,Putative stilbene synthase 2
A0A010QIZ4,tr|A0A010QIZ4|A0A010QIZ4_9PEZI,3.3972,3.7357,3.5807,3.4687,3.5377,3.3972,3.4687,-0.0715,True,B_aliphatic_gatekeeper,Colletotrichum fioriniae PJ7,Chalcone and stilbene synthase
A0A9Q8T8Q0,tr|A0A9Q8T8Q0|A0A9Q8T8Q0_9PEZI,3.4134,3.7519,3.5968,3.4848,3.5539,3.4134,3.4848,-0.0715,True,B_aliphatic_gatekeeper,Colletotrichum lupini,Chalcone and stilbene synthase
A0A166VFK6,tr|A0A166VFK6|A0A166VFK6_9PEZI,3.4031,3.7416,3.5866,3.4746,3.5436,3.4031,3.4746,-0.0715,True,B_aliphatic_gatekeeper,Colletotrichum tofieldiae,Chalcone and stilbene synthase domain-containing protein (Fragment)
A0AAD9M3D1,tr|A0AAD9M3D1|A0AAD9M3D1_9PEZI,3.4324,3.771,3.6159,3.5039,3.5729,3.4324,3.5039,-0.0715,True,B_aliphatic_gatekeeper,Colletotrichum zoysiae,Chalcone and stilbene synthase domain-containing protein
E3QX44,tr|E3QX44|E3QX44_COLGM,3.4317,3.7703,3.6152,3.5032,3.5723,3.4317,3.5032,-0.0715,True,B_aliphatic_gatekeeper,Colletotrichum graminicola (strain M1.001 / M2 / FGSC 10212),Chalcone and stilbene synthase domain-containing protein
A0A4U6XPR0,tr|A0A4U6XPR0|A0A4U6XPR0_9PEZI,3.4022,3.7408,3.5857,3.4737,3.5427,3.4022,3.4737,-0.0715,True,B_aliphatic_gatekeeper,Colletotrichum tanaceti,Chalcone synthase
A0A8H6K362,tr|A0A8H6K362|A0A8H6K362_9PEZI,3.4016,3.7402,3.5851,3.4731,3.5421,3.4016,3.4731,-0.0715,True,B_aliphatic_gatekeeper,Colletotrichum plurivorum,Type iii polyketide synthase
A0A8H3WB87,tr|A0A8H3WB87|A0A8H3WB87_9PEZI,3.4178,3.7564,3.6013,3.4893,3.5583,3.4178,3.4893,-0.0715,True,B_aliphatic_gatekeeper,Colletotrichum asianum,Type iii polyketide synthase
A0A9P6LK89,tr|A0A9P6LK89|A0A9P6LK89_9PEZI,3.4034,3.742,3.5869,3.4749,3.5439,3.4034,3.4749,-0.0715,True,B_aliphatic_gatekeeper,Colletotrichum karsti,Stilbene synthase 3
A0ACC3YQF5,tr|A0ACC3YQF5|A0ACC3YQF5_COLTU,3.3939,3.7325,3.5774,3.4654,3.5344,3.3939,3.4654,-0.0715,True,B_aliphatic_gatekeeper,Colletotrichum truncatum,Chalcone and stilbene synthase domain-containing protein
A0A4R8QT34,tr|A0A4R8QT34|A0A4R8QT34_COLTR,3.4395,3.778,3.623,3.511,3.58,3.4395,3.511,-0.0715,True,B_aliphatic_gatekeeper,Colletotrichum trifolii,Stilbene synthase 3
A0AAD5WY15,tr|A0AAD5WY15|A0AAD5WY15_9PEZI,3.3552,3.6938,3.5387,3.4267,3.4957,3.3552,3.4267,-0.0715,True,B_aliphatic_gatekeeper,Zalerion maritima,Chalcone and stilbene synthase
A0AAE8MU88,tr|A0AAE8MU88|A0AAE8MU88_9PEZI,3.4073,3.7459,3.5908,3.4788,3.5479,3.4073,3.4788,-0.0715,True,B_aliphatic_gatekeeper,Cephalotrichum gorgonifer,Related to stilbene synthase 2
A0A084FUT4,tr|A0A084FUT4|A0A084FUT4_PSEDA,3.3509,3.6894,3.5344,3.4224,3.4914,3.3509,3.4224,-0.0715,True,B_aliphatic_gatekeeper,Pseudallescheria apiosperma,Chalcone synthase
A0A2N3MY08,tr|A0A2N3MY08|A0A2N3MY08_9PEZI,3.358,3.6966,3.5415,3.4295,3.4986,3.358,3.4295,-0.0715,True,B_aliphatic_gatekeeper,Lomentospora prolificans,Uncharacterized protein (Fragment)
A0A507AXH1,tr|A0A507AXH1|A0A507AXH1_9PEZI,3.3414,3.6799,3.5249,3.4129,3.4819,3.3414,3.4129,-0.0715,True,B_aliphatic_gatekeeper,Thyridium curvatum,Uncharacterized protein
A0ABY6TSL1,tr|A0ABY6TSL1|A0ABY6TSL1_BIOOC,3.5576,3.8962,3.7411,3.6291,3.6982,3.5576,3.6291,-0.0715,True,B_aliphatic_gatekeeper,Bionectria ochroleuca,Uncharacterized protein
A0A9N9YWV8,tr|A0A9N9YWV8|A0A9N9YWV8_9HYPO,3.5644,3.9029,3.7478,3.6358,3.7049,3.5644,3.6358,-0.0715,True,B_aliphatic_gatekeeper,Clonostachys solani,Uncharacterized protein
A0A9N9UQ30,tr|A0A9N9UQ30|A0A9N9UQ30_9HYPO,3.5925,3.9311,3.776,3.664,3.7331,3.5925,3.664,-0.0715,True,B_aliphatic_gatekeeper,Clonostachys byssicola,Uncharacterized protein
A0A9N9YTI3,tr|A0A9N9YTI3|A0A9N9YTI3_9HYPO,3.6074,3.946,3.7909,3.6789,3.7479,3.6074,3.6789,-0.0715,True,B_aliphatic_gatekeeper,Clonostachys rhizophaga,Uncharacterized protein
A0ACA9UCT8,tr|A0ACA9UCT8|A0ACA9UCT8_BIOOC,3.6118,3.9504,3.7953,3.6833,3.7523,3.6118,3.6833,-0.0715,True,B_aliphatic_gatekeeper,Clonostachys rosea f. rosea IK726,Uncharacterized protein
A0A9P7KUI2,tr|A0A9P7KUI2|A0A9P7KUI2_9HYPO,3.6363,3.9748,3.8198,3.7078,3.7768,3.6363,3.7078,-0.0715,True,B_aliphatic_gatekeeper,Fusarium avenaceum,Uncharacterized protein
A0A9W8RJV8,tr|A0A9W8RJV8|A0A9W8RJV8_9HYPO,3.7152,4.0538,3.8987,3.7867,3.8557,3.7152,3.7867,-0.0715,True,B_aliphatic_gatekeeper,Fusarium torreyae,Uncharacterized protein
