accession,triad_intact,residue_pattern_13pos,similarity_to_HvCHS2_of13,similarity_to_classicCHS_of13,real_data_match_gene,real_data_match_containment,real_coumaroylCoA_active,real_n_substrates_active_of_11
A0A553HLF1,True,ATCSNFVTLHNAP,5,5,XacuPKS1,0.791,1,6
A0A2G7GAE9,True,CTCCFFFNIHNSP,7,6,AserPKS2,0.858,0,7
A0ACD1IH72,True,VTCCQFYKIHNSP,7,6,AcosPKS,1.0,0,10
A0A059J6Q8,True,CTCCNFSYLHNSP,6,6,TtonPKS,0.824,0,6
A0A0D2BWQ8,True,CTCSLFFDLHNSP,6,6,FerePKS,0.7,0,8
A0A2P5I7D7,True,CTCSMFFDLHNSP,6,6,DhelPKS,1.0,0,5
A0ABQ8NUE1,True,CTCSFFFDLHNSP,6,6,MoryPKS,1.0,0,5
A0ACB7NUY9,True,CTCSLFFDLHNSP,6,6,CgloPKS,1.0,0,7
W3WYM6,True,CTCSMFFDLHNSP,6,6,PficPKS,1.0,0,6
A0A6A6GAU0,True,CTCCAFLVIHNSP,8,6,,,,
A0A889ZF18,True,CTCTLFFNIHNSP,8,7,,,,
A0A8H3TS81,True,CTCTLFFNIHNSP,8,7,,,,
A0A8K0NPA6,True,CTCTLFFNIHNSP,8,7,,,,
A0A9W9VRL8,True,CTCTFFFNIHNSP,8,7,,,,
A0ACC2WCV7,True,CTCTLFFNIHNSP,8,7,,,,
A0ACC2XS98,True,--CTLFFNIHNSP,8,7,,,,
A0ACC2XXF6,True,--CTLFFNIHNSP,8,7,,,,
R0KEQ2,True,--CCFFYHIHNSP,8,7,,,,
S8AYV8,True,CTCTYFYNIHNSP,8,7,,,,
A0A0F7TBQ5,True,CTCVFFFNIHNSP,7,6,,,,
A0A0L1JI55,True,CTCCFFFNIHNSP,7,6,,,,
A0A163JPU8,True,CTCCFFYVIHNSP,7,6,,,,
A0A177CLZ2,True,CTCCFFYNIHNSP,7,6,,,,
A0A177DPN1,True,CTC--FYVIHNSP,7,6,,,,
A0A1F7ZP32,True,CTCCFFFNIHNSP,7,6,,,,
A0A1Q5UH31,True,CTCPFFYNIHNSP,7,6,,,,
A0A1Y1ZIB6,True,CSCCFFMLLHNSP,7,7,,,,
A0A1Y2LMQ8,True,CTCCFFYSIHNSP,7,6,,,,
A0A2A9P6W4,True,CTCTLFFDLHNSP,7,7,,,,
A0A2B7Y2N2,True,ATCTNFCLMHNSP,7,7,,,,
A0A2C5ZCI2,True,CTCTLFFDLHNSP,7,7,,,,
A0A2J6TDB9,True,TTCCNFWDLHNSP,7,7,XylPKS,0.311,0,2
A0A2R6NMC4,True,CTCTMFFDLHNSP,7,7,,,,
A0A2V5I787,True,VTCCHFYHLHNSP,7,7,,,,
A0A2W1FIY5,True,CTCCFFYDIHNSP,7,6,PtriPKS,1.0,0,1
A0A370P725,True,VTCCHFYTIHNSP,7,6,,,,
A0A5N6IP24,True,CTCCFFFNIHNSP,7,6,,,,
A0A5N6T220,True,CTCCFFFNIHNSP,7,6,,,,
A0A5N6USH5,True,CTCCFFFNIHNSP,7,6,,,,
A0A5N6ZX19,True,CTCCFFFNIHNSP,7,6,,,,
A0A5N7B7K2,True,CTCCFFFNIHNSP,7,6,,,,
A0A6A5S0B4,True,CTCCFFYSIHNSP,7,6,,,,
A0A6A6IBC2,True,CTCCFFYLIHNSP,7,6,,,,
A0A6A7B7G1,True,CTCCSFYAIHNSP,7,6,,,,
A0A7U2FK72,True,CTCCFFYDIHNSP,7,6,,,,
A0A8H4QCM8,True,CTCTLFFDLHNSP,7,7,,,,
A0A8H7A8E3,True,CTCTLFFDLHNSP,7,7,,,,
A0A8H7D0J3,True,CTCTMFIDLHNSP,7,7,,,,
A0A8H7D3J6,True,CTCTMFVDLHNSP,7,7,,,,
A0A8H7DBF6,True,CTCTMFIDLHNSP,7,7,,,,
A0A8H7JCU5,True,CTCCFFYVIHNSP,7,6,,,,
A0A8K0L4T3,True,CTCCGFLVIHNSP,7,6,,,,
A0A9N8JDK6,True,CTCCNFFHLHNSP,7,7,,,,
A0A9N8KET3,True,CTCTGFSYLHNSP,7,7,,,,
A0A9P4WW23,True,CTCCFFYSIHNSP,7,6,,,,
A0A9P6G8R7,True,CTCCFFYNIHNSP,7,6,,,,
A0A9W8QV17,True,TTCCNFWDLHNSP,7,7,,,,
A0A9W9D9I5,True,CTCCFFYSIHNSP,7,6,,,,
A0A9W9PRC7,True,CTCCNFFYIHNSP,7,6,,,,
A0A9W9V119,True,CTCVFFFNIHNSP,7,6,,,,
A0AAD2HHH8,True,CTCTMFFDLHNSP,7,7,,,,
A0AAD2K853,True,CTCTMFIDLHNSP,7,7,,,,
A0AAD4FEN3,True,CTCCFFYDIHNSP,7,6,,,,
A0AAD6CA57,True,CTCPFFYNIHNSP,7,6,,,,
A0AAD6HIV3,True,TTCCYFYRIHNIP,7,6,,,,
A0AAD6TW98,True,CTCTTFFSLHNSP,7,8,,,,
A0AAD6VAS7,True,CTCTMFIDFHNSP,7,8,,,,
A0AAD6XS82,True,CTCTMFISLHNSP,7,7,,,,
A0AAD6YJJ8,True,CTCNFFFDIHNSP,7,6,,,,
A0AAD7AQX4,True,CTCTMFIDLHNSP,7,7,,,,
A0AAD7E1R3,True,CTCNFFLDIHNSP,7,6,,,,
A0AAD7GCC2,True,CTCTMFIDLHNSP,7,7,,,,
A0AAD7MQF2,True,CTCTMFIDLHNSP,7,7,,,,
A0AAN6XUC3,True,TTCANFWALHNSP,7,7,,,,
A0AAN9YDM9,True,TTCCNFWDLHNSP,7,7,,,,
A0AAV9N652,True,CTCTLFFDLHNSP,7,7,,,,
A0ABQ8GJ28,True,CTCCHFFWIHNSP,7,6,,,,
A0ABR0TNB7,True,CTCSNFFHLHNSP,7,7,,,,
A0ABR1S0N0,True,CTCCNFLLIHNSP,7,6,,,,
A0ABR1S1I4,True,CTCCTFFLIHNSP,7,7,,,,
A0ABR1VKP4,True,CTCCTFFLIHNSP,7,7,,,,
A0ABR2JLE3,True,CTCCNFMFIHNSP,7,6,,,,
A0ACB6SHW3,True,CTCCFFYSIHNSP,7,6,,,,
E3RK22,True,CTCCFFYDIHNSP,7,6,,,,
E4ZW99,True,CTCCFFYNIHNSP,7,6,,,,
F9X176,True,CTCSHF--IHNSP,7,6,,,,
K5V9D4,True,CTCTLFFDLHNSP,7,7,,,,
M2SAW8,True,CTCCFFYNIHNSP,7,6,,,,
M2UG08,True,CTCCFFYNIHNSP,7,6,,,,
W6Y3L6,True,CTCCFFYNIHNSP,7,6,,,,
W6ZSR3,True,CTCCFFYNIHNSP,7,6,,,,
A0A010QIZ4,True,CTCSMFFDLHNSP,6,6,,,,
A0A072PJP8,True,CTCSLFFDLHNSP,6,6,,,,
A0A074VBS1,True,CTCSNFFTLHNSP,6,6,,,,
A0A074W932,True,CTCSNFFFLHNSP,6,6,,,,
A0A084AQX0,True,CTCSMFFDLHNSP,6,6,,,,
A0A084AVI2,True,CTCCLFFDLHNSP,6,6,,,,
A0A084FUT4,True,CTCSMFFDLHNSP,6,6,,,,
A0A084R260,True,CTCVLF--YHNSP,6,6,,,,
A0A0B1PAA6,True,CTCCMFFDLHNSP,6,6,,,,
A0A0C2F5M0,True,CTCSMFFDLHNSP,6,6,,,,
A0A0C3D9L2,True,GGCNYFAVIHNGP,6,5,,,,
A0A0C4E6R1,True,CTCSFFFDLHNSP,6,6,,,,
A0A0D1WL63,True,CTCSFFFDLHNSP,6,6,,,,
A0A0D2C9T2,True,CTCSLFFDLHNSP,6,6,,,,
A0A0D2CEC4,True,CTCSLFFDLHNSP,6,6,,,,
A0A0D2D1A3,True,CTCSLFFDLHNSP,6,6,,,,
A0A0D2G0G6,True,CTCSLFFDLHNSP,6,6,,,,
A0A0D2GWU2,True,CTCSLFFDLHNSP,6,6,,,,
A0A0F4ZKS6,True,CTCSLFFDLHNSP,6,6,,,,
A0A0G4NUG8,True,CTCCNFFYLHNSP,6,6,,,,
A0A0L1J3G7,True,CTCQYF-NIHNSA,6,5,,,,
A0A0N0DHY2,True,CTCSLFFDLHNSP,6,6,,,,
A0A0N1HGD1,True,CTCSLFFDLHNSP,6,6,,,,
A0A0P7BB74,True,CTCSMFFDLHNSP,6,6,,,,
A0A0U5G292,True,ATCCNFFSLHNSP,6,6,,,,
A0A101MP05,True,CTCCNFFYLHNSP,6,6,,,,
A0A136IT12,True,CTCNLFFDLHNSP,6,6,,,,
A0A136JJJ2,True,CTCSLFFQLHNSP,6,6,,,,
A0A139HN42,True,CTCCNFFYLHNSP,6,6,,,,
A0A145YFY3,True,CTCSLFFDLHNSP,6,6,,,,
A0A162JF80,True,CTCSMFFDLHNSP,6,6,SinsPKS,1.0,0,2
A0A166VFK6,True,CTCSMFFDLHNSP,6,6,,,,
A0A168CIL4,True,--CSLFFNLHNSP,6,6,,,,
A0A178FQT0,True,CTCCNFCYLHNSP,6,6,,,,
A0A194VDY8,True,CTCSMFFDLHNSP,6,6,VmalPKS,1.0,0,4
A0A194WWD4,True,CTCSLFFDLHNSP,6,6,,,,
A0A1B8ASZ0,True,CTCSLFFDLHNSP,6,6,,,,
A0A1B8GPR4,True,CTCCLFFNLHNSP,6,6,,,,
A0A1E1K3U6,True,CTCSLFFDLHNSP,6,6,,,,
A0A1F5L6P8,True,CTCCNFFYLHNSP,6,6,,,,
A0A1F7ZX70,True,CTCQYF-NIHNSA,6,5,,,,
A0A1F8AG56,True,CTCCNFFFLHNSP,6,6,,,,
A0A1J7I4S7,True,GTCTNFCLMHNAP,6,6,,,,
A0A1J7IAV3,True,CTCSMFFDLHNSP,6,6,,,,
A0A1L7WHI9,True,CTCSLFFDLHNSP,6,6,,,,
A0A1L9WIG9,True,VTC--FYRLHNSP,6,6,,,,
A0A1Q5U757,True,CTCCNFFYLHNSP,6,6,,,,
A0A1Q8S3L2,True,CTCSLFFDLHNSP,6,6,,,,
A0A1V6SK38,True,CTCCNFFYLHNSP,6,6,,,,
A0A1V8TBN8,True,CTCSLFCYLHNSP,6,6,,,,
A0A1W2TFI8,True,CTCSLFFDLHNSP,6,6,,,,
A0A1W5D8W5,True,CTCSLFFDLHNSP,6,6,,,,
A0A1Y2DQG3,True,CTCSMFFDLHNSP,6,6,,,,
A0A218ZF58,True,CTCSLFFDLHNSP,6,6,,,,
A0A2B7WIN8,True,CTCNMFFNLHNSP,6,6,,,,
A0A2C5WIX6,True,CTCSLFFDLHNSP,6,6,,,,
A0A2D3V4H2,True,CTCCGFFYLHNSP,6,6,,,,
A0A2G7FEY6,True,CTCMYF-CIHNSA,6,5,,,,
A0A2I2GDC6,True,ATCCQFYRLHNSP,6,6,AsesPKS,0.508,0,3
A0A2J6PXT4,True,CTCSLFFDLHNSP,6,6,,,,
A0A2J6RAQ7,True,CTCSLFFDLHNSP,6,6,,,,
A0A2J6TQX3,True,CTCSLFFDLHNSP,6,6,,,,
A0A2K0UIX7,True,CTCSMFFDLHNSP,6,6,,,,
A0A2K1R1B1,True,CTCCLFFFLHNSP,6,6,,,,
A0A2N3MY08,True,CTCSMFFDLHNSP,6,6,,,,
A0A2P5HE53,True,SGCNYFAMIHNGP,6,5,,,,
A0A2R6NM78,True,CTCAMFFDLHNSP,6,6,,,,
A0A2S4PKR4,True,CTCCMFFDLHNSP,6,6,,,,
A0A2T2NYA2,True,CTCCFFFALHNSP,6,6,,,,
A0A2T3AM58,True,CTCSFFFDLHNSP,6,6,,,,
A0A2T3B5Z1,True,CTCSLFFDLHNSP,6,6,,,,
A0A2T4GKI4,True,CTCSLFFDLHNSP,6,6,,,,
A0A2U9QI99,True,CTCCNFFMLHNSP,6,6,,,,
A0A2V5HK67,True,VTCCHFYRLHNSP,6,6,,,,
A0A319C6Z2,True,VTCCHFYRLHNSP,6,6,,,,
A0A366SC95,True,CTCSMFFDLHNSP,6,6,,,,
A0A370TNA4,True,CTCSLFFDLHNSP,6,6,,,,
A0A384K0M6,True,CTCSLFFDLHNSP,6,6,,,,
A0A395HWD7,True,VTCCFFYGLHNSP,6,6,,,,
A0A395SZF4,True,CTCSLFFDLHNSP,6,6,,,,
A0A3D8RMV4,True,CTCSMFFDLHNSP,6,6,,,,
A0A3E2H9W8,True,CTCCLFFDLHNSP,6,6,,,,
A0A3M2RTF6,True,CTCSMFFDLHNSP,6,6,,,,
A0A3M9Y6T3,True,CTCSMFFDLHNSP,6,6,,,,
A0A3N2Q6W8,True,CTCCLFFDLHNSP,6,6,,,,
A0A3N4IBC5,True,VTCCTFWDLHNSP,6,7,,,,
A0A420HA84,True,CTCCMFFDLHNSP,6,6,,,,
A0A420IPA2,True,CTCCLFFDLHNSP,6,6,,,,
A0A423WJ97,True,CTCSMFFDLHNSP,6,6,,,,
A0A423WY23,True,CTCSMFFDLHNSP,6,6,,,,
A0A423XC84,True,CTCSMFFDLHNSP,6,6,,,,
A0A4Q4TJU1,True,CTCSLFFDLHNSP,6,6,,,,
A0A4R8QT34,True,CTCSLFFDLHNSP,6,6,,,,
A0A4S3J2Q2,True,CSC-----IHNGP,6,5,,,,
A0A4S8R6B1,True,CTCSLFFDLHNSP,6,6,,,,
A0A4U6XPJ8,True,CTCCNFFYLHNSP,6,6,,,,
A0A4U6XPR0,True,CTCSLFFDLHNSP,6,6,,,,
A0A4V3UMX3,True,CTCHLFLNVHNSP,6,6,,,,
A0A4Y8D9M4,True,CTCSLFFDLHNSP,6,6,,,,
A0A4Z0YMS4,True,CTCSLFFDLHNSP,6,6,,,,
A0A4Z1HBG3,True,CTCSLFFDLHNSP,6,6,,,,
A0A4Z1IYL3,True,CTCSLFFDLHNSP,6,6,,,,
A0A4Z1KSR7,True,CTCSLFFDLHNSP,6,6,,,,
A0A507AXH1,True,CTCSMFFDLHNSP,6,6,,,,
A0A507AYB9,True,CTCNLFFNLHNSP,6,6,,,,
A0A553I235,True,CTCSLFFDLHNSP,6,6,XacuPKS2,0.567,0,5
A0A559M4F6,True,CTCSLFFDVHNSP,6,6,,,,
A0A5M9JCJ9,True,CTCSLFFDLHNSP,6,6,,,,
A0A5N5WIJ4,True,CTCMHF-CIHNSA,6,5,,,,
A0A5N5WR41,True,ATCCHFYKLHNSP,6,6,,,,
A0A5N5X4W7,True,CTCCNFFYLHNSP,6,6,,,,
A0A5N6EYA5,True,ATCCQFYQLHNSP,6,6,,,,
A0A5N6JXT8,True,CTCSLFFDLHNSP,6,6,,,,
A0A5N6SV38,True,ATCCQFYKLHNSP,6,6,,,,
A0A5N6VAZ8,True,ATCCQFYQLHNSP,6,6,,,,
A0A5N6VBQ0,True,ATCCQFYRLHNSP,6,6,,,,
A0A5N7ANY5,True,ATCCQFYRLHNSP,6,6,,,,
A0A5N7D7Z4,True,ATCCQFYQLHNSP,6,6,,,,
A0A6A5QT49,True,CTCCFFYTMHNSP,6,6,,,,
A0A6A5YEE4,True,CTCCFFFELHNSP,6,6,,,,
A0A6A5Z394,True,CTCCNFFILHNSP,6,6,,,,
A0A6A6CEL4,True,CTCCFFFHLHNS-,6,6,,,,
A0A6A6H916,True,ATCCQFYQLHNSP,6,6,,,,
A0A6A6X0U9,True,CTCCHFFFLHNSP,6,6,,,,
A0A6A7A0P0,True,CTC--FYDMHNSP,6,6,,,,
A0A6P8ASY9,True,CTCCGFSYLHNSP,6,6,,,,
A0A6P8BDL9,True,CTCSFFFDLHNSP,6,6,,,,
A0A7C8IWR1,True,CTCSLFFDLHNSP,6,6,HargPKS2,0.392,0,5
A0A7H8R5X6,True,ATCCHFYNLHNSP,6,6,,,,
A0A7U2ESB4,True,CTCCNFFCLHNSP,6,6,,,,
A0A7U2R353,True,CTCMYF-CIHNSA,6,5,,,,
A0A8A3PMK3,True,CTCSLFFDLHNSP,6,6,,,,
A0A8G1RYW8,True,VTCCHFYRLHNSP,6,6,,,,
A0A8H3ETM5,True,CTCSMFFDLHNSP,6,6,,,,
A0A8H3EVP5,True,CTCSLFFDLHNSP,6,6,,,,
A0A8H3F2X0,True,CTCSMFFDLHNSP,6,6,,,,
A0A8H3INC4,True,CTCSFFFDLHNSP,6,6,,,,
A0A8H3J2S8,True,CTCCFFFVLHNSP,6,6,,,,
A0A8H3WB87,True,CTCSLFFDLHNSP,6,6,,,,
A0A8H4LED7,True,CTCSLFFDLHNSP,6,6,,,,
A0A8H4NL21,True,CTCSMFFDLHNSP,6,6,,,,
A0A8H4P7M9,True,CTCSMFFDLHNSP,6,6,,,,
A0A8H4RNA6,True,CTCSLFFDLHNSP,6,6,,,,
A0A8H4UM27,True,CTCSMFFDLHNSP,6,6,,,,
A0A8H4X7Q3,True,CTCSMFFDLHNSP,6,6,,,,
A0A8H5KJB0,True,GTCTNFCLMHNAP,6,6,,,,
A0A8H5MR42,True,GTCTNFCLMHNAP,6,6,,,,
A0A8H5NJY9,True,GTCTNFCLMHNAP,6,6,,,,
A0A8H6FA44,True,CTCCNFFMLHNSP,6,6,,,,
A0A8H6FE65,True,CTCSMFFDLHNSP,6,6,,,,
A0A8H6IQ33,True,VGCCYFAMIHNGP,6,5,,,,
A0A8H6K362,True,CTCSLFFDLHNSP,6,6,,,,
A0A8H6YAK7,True,CTCAMFIDLHNSP,6,6,,,,
A0A8H7TDR2,True,CTCSLFFDLHNSP,6,6,CadPKS,0.744,0,0
A0A8H7WJU8,True,CTCCNFFYLHNSP,6,6,,,,
A0A8H8RIC5,True,CTCSLFFDLHNSP,6,6,,,,
A0A8H8U224,True,CTCSLFFDLHNSP,6,6,,,,
A0A8K0QS34,True,CTCCFFYMLHNSP,6,6,,,,
A0A8K0WPS2,True,CTCVLFFDLHNSP,6,6,,,,
A0A8K0WR77,True,CTCSMFFDLHNSP,6,6,,,,
A0A8K0X7W6,True,CTCSMFFDLHNSP,6,6,,,,
A0A8T9CL66,True,CTCSLFFDLHNSP,6,6,,,,
A0A9N9LRE5,True,CTCSLFFDLHNSP,6,6,,,,
A0A9N9UQ30,True,CTCCLFFDLHNSP,6,6,,,,
A0A9N9V0Z9,True,CTCSLFFNLHNSP,6,6,,,,
A0A9N9YTI3,True,CTCCLFFNLHNSP,6,6,,,,
A0A9N9YWV8,True,CTCCLFFDLHNSP,6,6,,,,
A0A9P3L7Y5,True,CTCSLFFDLHNSP,6,6,,,,
A0A9P4GV80,True,CTCCFFYMLHNSP,6,6,,,,
A0A9P4JIY5,True,CTCCSFFYLHNSP,6,6,,,,
A0A9P4KAV5,True,CTCCYFYLLHNSP,6,6,,,,
A0A9P4XUJ3,True,CTCSFFFDLHNSP,6,6,,,,
A0A9P5E2B7,True,CTCSMFFDLHNSP,6,6,FmanPKS,0.658,0,0
A0A9P5LAY7,True,CTCSMFFDLHNSP,6,6,,,,
A0A9P6LK89,True,CTCSLFFDLHNSP,6,6,,,,
A0A9P7H923,True,CTCSMFFDLHNSP,6,6,,,,
A0A9P7KUI2,True,CTCCLFFDLHNSP,6,6,,,,
A0A9P7YD03,True,CTCSLFFDLHNSP,6,6,,,,
A0A9P7Z1D1,True,CTCSLFFDLHNSP,6,6,,,,
A0A9P7ZGE5,True,CTCSLFFDLHNSP,6,6,,,,
A0A9P8UDJ0,True,CTCSLFFDLHNSP,6,6,,,,
A0A9P8YIF2,True,CTCSLFFQLHNSP,6,6,,,,
A0A9P9A9I0,True,CTCSMFFDLHNSP,6,6,,,,
A0A9P9ATH1,True,CTCSMFFDLHNSP,6,6,,,,
A0A9P9BM44,True,CTCNLFFDLHNSP,6,6,,,,
A0A9P9JMZ2,True,CTCSMFFDLHNSP,6,6,,,,
A0A9P9WX08,True,CTCSMFFDLHNSP,6,6,,,,
A0A9Q8QUG0,True,CTCNMFFHLHNGP,6,6,,,,
A0A9W4MRE4,True,CTCCNFFYLHNSP,6,6,,,,
A0A9W4RN00,True,VGCCYFAMIHNGP,6,5,,,,
A0A9W8RJV8,True,CTCCLFFDLHNSP,6,6,,,,
A0A9W8TRR6,True,CTCSLFFDLHNSP,6,6,,,,
A0A9W8U8Q1,True,GTCTNFCLMHNAP,6,6,,,,
A0A9W8W6M8,True,CTCSLFFDLHNSP,6,6,,,,
A0A9W8YXS9,True,CTCSLFFDLHNSP,6,6,,,,
A0A9W9FB46,True,ATCCYFYKLHNSP,6,6,,,,
A0A9W9J1X0,True,CTCCNFFYLHNSP,6,6,,,,
A0A9W9RBM7,True,CTCCNFFY-HNSP,6,6,,,,
A0A9W9WXD2,True,CTCCNFFY-HNSP,6,6,,,,
A0A9X9MH45,True,CTCCLFFDLHNSP,6,6,,,,
A0AA38R120,True,CTCSMFFDLHNSP,6,6,,,,
A0AA38RV88,True,CTCSLFFDLHNSP,6,6,,,,
A0AA39CQ38,True,CTCSLFFDLHNSP,6,6,,,,
A0AA39G8Y3,True,CTCSLFFDLHNSP,6,6,,,,
A0AA39QX65,True,CTCCNFFMLHNSP,6,6,,,,
A0AA39R1E1,True,CTCSLFFDLHNSP,6,6,,,,
A0AA39ZJV5,True,CTCCNFFYLHNSP,6,6,,,,
A0AA39ZKT9,True,CTCSMFFDLHNSP,6,6,,,,
A0AA40BXD3,True,CTCSLFFDLHNSP,6,6,,,,
A0AA40C8G6,True,CTCSMFFDLHNSP,6,6,,,,
A0AA40CKY9,True,CTCSLFFDLHNSP,6,6,,,,
A0AA40DKI2,True,CTCSMFFDLHNSP,6,6,,,,
A0AA40DKV8,True,CTCSMFFDLHNSP,6,6,,,,
A0AA40K2Q8,True,CTCSLFFDLHNSP,6,6,,,,
A0AA43QLY7,True,CTCSLFFDLHNSP,6,6,,,,
A0AAD4HZA6,True,CTCSLFFDLHNSP,6,6,,,,
A0AAD5WY15,True,CTCSMFFDLHNSP,6,6,,,,
A0AAD6GJT4,True,ATCCLFDKLHNSP,6,6,,,,
A0AAD6IL99,True,CTC--FFYLHNSP,6,6,,,,
A0AAD6J3S1,True,CTCCLFFDLHNSP,6,6,,,,
A0AAD7JK17,True,CTCAF-FNIHNSP,6,5,,,,
A0AAD9M3D1,True,CTCSMFFDLHNSP,6,6,,,,
A0AAD9MFN2,True,CTCSLFFDLHNSP,6,6,,,,
A0AAD9S678,True,CTCSMFFDLHNSP,6,6,,,,
A0AAD9SYD1,True,CTCSLFFDLHNSP,6,6,,,,
A0AAD9YRK9,True,VGCCYFAMIHNGP,6,5,,,,
A0AAD9ZFM4,True,CTCSLFFDLHNSP,6,6,,,,
A0AAE0I0K3,True,CTCSMFFDLHNSP,6,6,,,,
A0AAE0IYT3,True,CTCCNFWYLHNSP,6,6,,,,
A0AAE0LPV4,True,CTCSLFFDLHNSP,6,6,,,,
A0AAE0NHF8,True,CTCSMFFDLHNSP,6,6,,,,
A0AAE0PMD5,True,CTCSMFFDLHNSP,6,6,,,,
A0AAE0XFA5,True,CTCCNFWYLHNSP,6,6,,,,
A0AAE1C8A6,True,CTCSMFFDLHNSP,6,6,,,,
A0AAE8MU88,True,CTCSMFFDLHNSP,6,6,,,,
A0AAI8VD52,True,CTCSMFFDLHNSP,6,6,,,,
A0AAJ0BM31,True,CTCSLFFDLHNSP,6,6,,,,
A0AAJ0CG38,True,CTCCNFCFLHNSP,6,6,,,,
A0AAJ0CZE2,True,CTCCNFFYLHNSP,6,6,,,,
A0AAJ0GJ08,True,ITCCTFWNLHNSP,6,7,,,,
A0AAN6E693,True,CTCSLFFDLHNSP,6,6,,,,
A0AAN6MBH1,True,CTCCNFFYLHNSP,6,6,,,,
A0AAN6MFP4,True,CTCSLFFDLHNSP,6,6,,,,
A0AAN6NGX2,True,CTCSMFFDLHNSP,6,6,,,,
A0AAN6PYX2,True,CTCSFFFDLHNSP,6,6,,,,
A0AAN6T0C4,True,CTCCNFFYLHNSP,6,6,,,,
A0AAN6TAE1,True,CTCSLFFDLHNSP,6,6,,,,
A0AAN6UE56,True,CTCSLFFDLHNSP,6,6,,,,
A0AAN6W7J5,True,CTCCVFFDLHNSP,6,6,,,,
A0AAN6WVW8,True,CTCSMFFDLHNSP,6,6,,,,
A0AAN6XI80,True,CTCSLFFDLHNSP,6,6,,,,
A0AAN7BB51,True,CTCSMFFDLHNSP,6,6,,,,
A0AAN7HSL5,True,CTCSLFFDLHNSP,6,6,,,,
A0AAN7T340,True,CTCSLFFDLHNSP,6,6,,,,
A0AAN7UDA0,True,CTCSLFFDLHNSP,6,6,,,,
A0AAN8EAZ5,True,CTCSLFFDLHNSP,6,6,,,,
A0AAN8MZK4,True,CTCCLFFDLHNSP,6,6,,,,
A0AAN8NJ55,True,CTCCLFFDLHNSP,6,6,,,,
A0AAN9V823,True,CTCSFFFDLHNSP,6,6,,,,
A0AAQ3R6T3,True,CTCCNFFYLHNSP,6,6,,,,
A0AAV9HPF1,True,CTCSMFFDLHNSP,6,6,,,,
A0AAV9UJZ3,True,CTCCLFFDLHNSP,6,6,,,,
A0AAV9V8E7,True,CTCCLFFDLHNSP,6,6,,,,
A0AAV9W576,True,CTCCLFFDLHNSP,6,6,,,,
A0AAV9XNL7,True,CTCCLFFDLHNSP,6,6,,,,
A0AAW0QC11,True,CTCSMFFDLHNSP,6,6,,,,
A0AAX4I6L2,True,VGCCYFAMIHNGP,6,5,,,,
A0AAX4J4J2,True,CTCCNFFYLHNSP,6,6,,,,
A0AAX6MX86,True,CTCSMFFDLHNSP,6,6,,,,
A0AB34KVQ6,True,CTCCNFYLLHNSP,6,6,,,,
A0ABP0BM14,True,CTCSMFFDLHNSP,6,6,,,,
A0ABP0BMR9,True,CTCSMFFDLHNSP,6,6,,,,
A0ABP0BQ17,True,CTCSMFFDLHNSP,6,6,,,,
A0ABP0D742,True,CTCSMFFDLHNSP,6,6,,,,
A0ABP0D873,True,CTCSMFFDLHNSP,6,6,,,,
A0ABQ0GDY7,True,CTCSLFFDLHNSP,6,6,,,,
A0ABQ6L474,True,CTCMYF--IHNSA,6,5,,,,
A0ABQ6WZJ6,True,ATCCQFYQLHNSP,6,6,,,,
A0ABQ8NQH5,True,CTCCGFSYLHNSP,6,6,,,,
A0ABQ8WCM1,True,CTCCNFFDLHNSP,6,6,,,,
A0ABR0JF95,True,ATCCNFLLLHNSP,6,6,,,,
A0ABR0JYW4,True,CTCSLFFDLHNSP,6,6,,,,
A0ABR1HG41,True,CTCSMFFDLHNSP,6,6,,,,
A0ABR1NRM7,True,CTCCIFFYLHNSP,6,6,PhCHS,0.006,1,8
A0ABR1PIT7,True,CTCSMFFDLHNSP,6,6,DliqPKS,0.655,0,4
A0ABR1Q2N5,True,CTCCTFFLIHNSD,6,6,,,,
A0ABR1QXI5,True,CTCSMFFDLHNSP,6,6,,,,
A0ABR1RI18,True,CTCSMFFDLHNSP,6,6,,,,
A0ABR1SUD7,True,CTCSMFFDLHNSP,6,6,,,,
A0ABR1TIY1,True,CTCSMFFDLHNSP,6,6,,,,
A0ABR2I0U6,True,CTCSMFFDLHNSP,6,6,,,,
A0ABR2V6Z4,True,CTCSMFFDLHNSP,6,6,,,,
A0ABR3AFA6,True,CTCCMFFDLHNSP,6,6,,,,
A0ABR3DA93,True,CTCSMFFDLHNSP,6,6,,,,
A0ABR3W919,True,CTCCIFFYLHNSP,6,6,,,,
A0ABR3WUF8,True,CTCSMFFDLHNSP,6,6,,,,
A0ABR3ZGN9,True,CTCSMFFDLHNSP,6,6,,,,
A0ABR3ZY90,True,CTCCNFFMLHNSP,6,6,,,,
A0ABR4AQW7,True,CTCSLFFDLHNSP,6,6,,,,
A0ABR4BZ28,True,CTCCNFFYLHNSP,6,6,,,,
A0ABR4CHZ2,True,CTCSLFFDLHNSP,6,6,,,,
A0ABR4F1W0,True,CTCCIFFYLHNSP,6,6,,,,
A0ABR4GLN7,True,ATCCNFFTLHNSP,6,6,AthePKS,0.693,0,6
A0ABR4J1Q2,True,ATCCNFFVLHNSP,6,6,,,,
A0ABR4PEQ7,True,CTCSMFFDLHNSP,6,6,,,,
A0ABY0GT09,True,CTCSLFFDLHNSP,6,6,,,,
A0ABY6TSL1,True,CTCCLFFDLHNSP,6,6,,,,
A0ABY6USD3,True,CTCSLFFNLHNSP,6,6,,,,
A0ACA9UCT8,True,CTCCLFFDLHNSP,6,6,,,,
A0ACB9YP28,True,CTCSMFFDLHNSP,6,6,BiscPKS,0.303,0,0
A0ACC0CTB6,True,CTCSMFFDLHNSP,6,6,,,,
A0ACC0TQK0,True,CTCCHFWQLHNSP,6,6,,,,
A0ACC0V293,True,CTCSLFFDLHNSP,6,6,,,,
A0ACC1T004,True,CTCSLFFDLHNSP,6,6,,,,
A0ACC1TE54,True,CTCAMFFDLHNSP,6,6,,,,
A0ACC3A050,True,CTCCNFFLLHNSP,6,6,,,,
A0ACC3AEV6,True,CTCSFFFDLHNSP,6,6,,,,
A0ACC3YQF5,True,CTCSLFFDLHNSP,6,6,,,,
A0ACC3YST6,True,VGCCYFAMIHNGP,6,5,,,,
A7EAK6,True,CTCSLFFDLHNSP,6,6,,,,
B2AQY4,True,CTCSLFFDLHNSP,6,6,,,,
C4JSL0,True,CTCPLFFNVHNSP,6,6,,,,
C5FX60,True,CTCCNFFFLHNSP,6,6,,,,
D4AT57,True,CTCCNFCYLHNSP,6,6,,,,
E3QX44,True,CTCSMFFDLHNSP,6,6,,,,
E4UVT6,True,CTCCNFCYLHNSP,6,6,,,,
F0XBZ2,True,CTCSMFFNLHNSP,6,6,,,,
F7VW59,True,CTCSMFFDLHNSP,6,6,,,,
G1X3L4,True,CTCCLFFDLHNSP,6,6,,,,
G2QF11,True,CTCSLFFDLHNSP,6,6,,,,
G2QSN3,True,CTCSLFFNLHNSP,6,6,,,,
G2XAU7,True,CTCSMFFDLHNSP,6,6,,,,
H6C6Q8,True,CTCSLFFDLHNSP,6,6,,,,
J3KJU3,True,CTCPLFFNVHNSP,6,6,,,,
J3NIV0,True,CTCSFFFDLHNSP,6,6,,,,
J5JMB4,True,CTCCNFFYLHNSP,6,6,,,,
M7TSD2,True,CTCSFFFDLHNSP,6,6,,,,
N1J930,True,CTCCLFFDLHNSP,6,6,,,,
P0DUK2,True,CTCCNFFFLHNSP,6,6,AlupPKS1,0.251,1,7
R8BSB6,True,CTCSMFFDLHNSP,6,6,,,,
S3CF48,True,CTCSMFFDLHNSP,6,6,,,,
S3CGA1,True,CTCSLFFDLHNSP,6,6,,,,
S8BVV0,True,CTCCLFFDLHNSP,6,6,,,,
W2S6L9,True,CTCSFFFDLHNSP,6,6,,,,
W9CHY2,True,CTCSLFFDLHNSP,6,6,,,,
W9Y2I5,True,CTCSLFFNLHNSP,6,6,,,,
W9Y6Q1,True,CTCSLFFDLHNSP,6,6,,,,
A0AA39U5E8,False,GSCTNFSLMHSAP,6,6,,,,
A0A0F7ZVP0,True,STC--FLGLHNLP,5,5,,,,
A0A0F7ZWY9,True,STC--FLGLHNLP,5,5,,,,
A0A145YFN8,True,CTCVLYFDLHNSP,5,5,,,,
A0A165HS99,True,VCCPYFVNLHNAP,5,5,,,,
A0A167LZZ0,True,VCCAYFVNLHNAP,5,5,,,,
A0A1L9UN15,True,ATCCQFVYFHNST,5,6,,,,
A0A1V6Q379,True,CTCCNFFYLHNSS,5,5,,,,
A0A1W2TQJ5,True,ATCSNFVTLHNAP,5,5,,,,
A0A317USQ3,True,ATCCQFVKFHNST,5,6,AastPKS,0.683,0,6
A0A319BDQ7,True,ATCCQFVKFHNST,5,6,,,,
A0A428TV54,True,CTCSM-FDLHNSP,5,5,,,,
A0A439D4A0,True,CTC---FDLHNSP,5,5,,,,
A0A439DKJ4,True,ATCSNFVTLHNAP,5,5,,,,
A0A4S3JIC4,True,STC--FLGLHNLP,5,5,,,,
A0A4Z0YH81,True,ATCSNFVTLHNAP,5,5,,,,
A0A5N6TB57,True,CTCPFFYKIHNVH,5,4,,,,
A0A5N6V0I9,True,CTCPFFFDIHNIH,5,4,AtamPKS2,1.0,0,0
A0A5N6W9V2,True,CTCPFFFDIHNIH,5,4,,,,
A0A5N7CXL2,True,CTCPFFFKIHNVH,5,4,,,,
A0A7C8IFZ2,True,ATCSNFVTLHNAP,5,5,,,,
A0A9N8P5P6,True,--C--FFRLHNS-,5,5,,,,
A0A9P3L7D7,True,CTCALYFDLHNSP,5,5,,,,
A0A9P6VPD5,True,CTC---FDLHNSP,5,5,,,,
A0A9P9DC98,True,STC--FLGLHNLP,5,5,,,,
A0A9P9J4G7,True,STC--FLGLHNLP,5,5,,,,
A0A9Q8T8Q0,True,CTCSMFFDLHNS-,5,5,,,,
A0A9W8TJ25,True,ATCSNFVTLHNAP,5,5,,,,
A0A9W9LX41,True,STC--FLGLHNLP,5,5,,,,
A0AA39XCD2,True,STC--FLGLHNLP,5,5,,,,
A0AAD6V8Q3,True,CTCRLFVDLHNGP,5,5,,,,
A0AAD7FUW0,True,CTCMGFVNMHNS-,5,5,,,,
A0AAJ0BG24,True,STC--FLGLHNLP,5,5,,,,
A0AAJ0CFW4,True,STC--FLGLHNLP,5,5,,,,
A0AAN6MYE3,True,STC--FLGLHNLP,5,5,,,,
A0AAN7B2Z0,True,STC--FLGLHNLP,5,5,,,,
A0AAN7UGM4,True,ATCSNFVTLHNAP,5,5,,,,
A0AB34FFE9,True,CTCNMFFDLHNGP,5,5,,,,
A0ABQ6KH95,True,CTCPFFFNIHNIH,5,4,,,,
A0ABR0BK30,True,CTCNMFFDLHNGP,5,5,,,,
A0ABR0GFR3,True,CTCSLFFDLHNS-,5,5,,,,
A0ACC2JXP6,True,ATCSNFVTLHNAP,5,5,,,,
K5X979,True,CTCVLYFDLHNSP,5,5,,,,
M5FQY3,True,VCCAFFVPLHNAP,5,5,,,,
Q2U852,True,CTCPFFFNIHNIH,5,4,,,,
A0A5N6X0E9,False,AT-CQFYTLHNSP,5,5,,,,
A0AAJ0C0C0,False,---SMFFDLHNSP,5,5,,,,
A0ACC2VE90,False,--CTLFFNIH---,5,4,,,,
A0A0L1J6S3,False,CTCPFFLNIDSIP,4,3,,,,
A0A175VUX0,False,CTCSLFFDLH--P,4,4,,,,
A0A1F7ZN65,False,CTCPFFLNIDSIP,4,3,,,,
A0A395RMN0,False,GTCTNFCLV-TAP,4,4,,,,
A0A5N6EYH2,False,STCPFFLSIDSIP,4,3,,,,
A0A5N6ZPA6,False,CTCPFFLNIDSIP,4,3,,,,
A0A8H5U7I5,False,GTCTNFCLV-TAP,4,4,,,,
A0A9P4UVY1,False,CT---FYLLHNSL,4,4,,,,
A0A9P7Z8I8,False,CTC--FFLLH--P,4,4,,,,
A0A5N7BAZ4,False,CTCPFFLSLDSVP,3,3,,,,
A0ABQ6L6I0,False,STCPFFLSMDSIP,3,3,,,,
A0ABQ6LE57,False,CTCCFFFNI----,3,2,,,,
A0ABR3VLV2,False,CTCSFFFDLH---,3,3,,,,
Q2GSX0,False,CTCSL------SP,3,3,,,,
Q53U81,False,STC--FLSMDSIP,3,3,,,,
A0A084B516,False,CTCVLFFD-----,2,2,,,,
A0A2G7ELQ8,False,STCPFFLSC----,2,2,,,,
A0A437A2Z4,False,CTCCLFFDL----,2,2,,,,
A0AAD6CT85,False,ATCCHFYKL----,2,2,,,,
A0AAI9X284,False,CTCCNFFY-Y---,2,2,,,,
A0A084QT50,False,CTC----------,1,1,,,,
